USE [SportsTeamsDb]
GO
SET IDENTITY_INSERT [dbo].[Countries] ON 
GO
INSERT [dbo].[Countries] ([Id], [Name], [Abbreviation], [Picture], [Capital], [Population]) VALUES (1013, N'Bosna i Hercegovina', N'BiH', N'https://upload.wikimedia.org/wikipedia/commons/thumb/b/bf/Flag_of_Bosnia_and_Herzegovina.svg/450px-Flag_of_Bosnia_and_Herzegovina.svg.png', N'Sarajevo', 4377033)
GO
INSERT [dbo].[Countries] ([Id], [Name], [Abbreviation], [Picture], [Capital], [Population]) VALUES (1014, N'Hrvatska', N'HR', N'https://upload.wikimedia.org/wikipedia/commons/thumb/1/1b/Flag_of_Croatia.svg/300px-Flag_of_Croatia.svg.png', N'Zagreb', 4437460)
GO
INSERT [dbo].[Countries] ([Id], [Name], [Abbreviation], [Picture], [Capital], [Population]) VALUES (1015, N'Srbija', N'RS', N'https://upload.wikimedia.org/wikipedia/commons/thumb/f/ff/Flag_of_Serbia.svg/300px-Flag_of_Serbia.svg.png', N'Beograd', 7186862)
GO
INSERT [dbo].[Countries] ([Id], [Name], [Abbreviation], [Picture], [Capital], [Population]) VALUES (1016, N'Španija', N'ESP', N'https://upload.wikimedia.org/wikipedia/commons/thumb/9/9a/Flag_of_Spain.svg/250px-Flag_of_Spain.svg.png', N'Madrid', 46934632)
GO
INSERT [dbo].[Countries] ([Id], [Name], [Abbreviation], [Picture], [Capital], [Population]) VALUES (1017, N'Engleska', N'GB-ENG', N'https://upload.wikimedia.org/wikipedia/commons/6/68/Flag_of_England_%28bordered%29.png', N'London', 56286961)
GO
INSERT [dbo].[Countries] ([Id], [Name], [Abbreviation], [Picture], [Capital], [Population]) VALUES (1018, N'Francuska', N'FRA', N'https://upload.wikimedia.org/wikipedia/commons/thumb/c/c3/Flag_of_France.svg/300px-Flag_of_France.svg.png', N'Pariz', 61538322)
GO
INSERT [dbo].[Countries] ([Id], [Name], [Abbreviation], [Picture], [Capital], [Population]) VALUES (1019, N'Njemačka', N'DE', N'https://upload.wikimedia.org/wikipedia/commons/thumb/b/ba/Flag_of_Germany.svg/300px-Flag_of_Germany.svg.png', N'Berlin', 81770944)
GO
INSERT [dbo].[Countries] ([Id], [Name], [Abbreviation], [Picture], [Capital], [Population]) VALUES (1020, N'Italija', N'ITA', N'https://upload.wikimedia.org/wikipedia/commons/0/03/Flag_of_Italy.svg', N'Rim', 60589445)
GO
INSERT [dbo].[Countries] ([Id], [Name], [Abbreviation], [Picture], [Capital], [Population]) VALUES (1021, N'Nizozemska', N'NED', N'https://upload.wikimedia.org/wikipedia/commons/2/20/Flag_of_the_Netherlands.svg', N'Amsterdam', 16669112)
GO
INSERT [dbo].[Countries] ([Id], [Name], [Abbreviation], [Picture], [Capital], [Population]) VALUES (1022, N'Turska', N'TUR', N'https://upload.wikimedia.org/wikipedia/commons/thumb/b/b4/Flag_of_Turkey.svg/300px-Flag_of_Turkey.svg.png', N'Ankara', 83154997)
GO
INSERT [dbo].[Countries] ([Id], [Name], [Abbreviation], [Picture], [Capital], [Population]) VALUES (2026, N'Norveška', N'NOR', N'https://sites.google.com/site/lukaslugamojaprvawebstranica/_/rsrc/1431359072881/home/skandinavske-drzave/norves/800px-Flag_of_Norway.svg.png', N'Oslo', 5328000)
GO
SET IDENTITY_INSERT [dbo].[Countries] OFF
GO
SET IDENTITY_INSERT [dbo].[Teams] ON 
GO
INSERT [dbo].[Teams] ([Id], [Name], [Picture], [CountryId], [Founded], [HomeGround], [MarketValue], [NumberOfPlayers], [HeadCoach], [League], [President], [StadiumCapacity]) VALUES (13, N'FK Sarajevo', N'https://upload.wikimedia.org/wikipedia/en/thumb/0/04/FK_Sarajevo_logo.svg/1200px-FK_Sarajevo_logo.svg.png', 1013, 1946, N'Asim Ferhatović Hase', 6230000, 29, N'Goran Sablić', N'Premijer liga', N'Damir Kasum', 34500)
GO
INSERT [dbo].[Teams] ([Id], [Name], [Picture], [CountryId], [Founded], [HomeGround], [MarketValue], [NumberOfPlayers], [HeadCoach], [League], [President], [StadiumCapacity]) VALUES (14, N'FK Željezničar', N'https://upload.wikimedia.org/wikipedia/en/thumb/9/9e/Zeljeznicar_logo.svg/1200px-Zeljeznicar_logo.svg.png', 1013, 1921, N'Grbavica', 2830000, 27, N'Tomislav Ivković', N'Premijer liga', N'Ivan Ivica Osim', 13146)
GO
INSERT [dbo].[Teams] ([Id], [Name], [Picture], [CountryId], [Founded], [HomeGround], [MarketValue], [NumberOfPlayers], [HeadCoach], [League], [President], [StadiumCapacity]) VALUES (15, N'FK Velež', N'https://i2.wp.com/fkvelez.ba/wp-content/uploads/2019/10/FK_Vele%C5%BE.png?fit=316%2C316&ssl=1', 1013, 1922, N'Stadion Rođeni', 5530000, 24, N'Feđa Dudović', N'Premijer liga', N'Šemsudin Hasić', 6000)
GO
INSERT [dbo].[Teams] ([Id], [Name], [Picture], [CountryId], [Founded], [HomeGround], [MarketValue], [NumberOfPlayers], [HeadCoach], [League], [President], [StadiumCapacity]) VALUES (16, N'HŠK Zrinjski', N'https://upload.wikimedia.org/wikipedia/en/thumb/6/69/H%C5%A0K_Zrinjski_Mostar.svg/1200px-H%C5%A0K_Zrinjski_Mostar.svg.png', 1013, 1905, N'Bijeli Brijeg', 5150000, 27, N'Zoran Glomazić', N'Premijer liga', N'Denis Lasić', 25000)
GO
INSERT [dbo].[Teams] ([Id], [Name], [Picture], [CountryId], [Founded], [HomeGround], [MarketValue], [NumberOfPlayers], [HeadCoach], [League], [President], [StadiumCapacity]) VALUES (17, N'FK Sloboda', N'https://upload.wikimedia.org/wikipedia/bs/f/fe/FK_Sloboda_Tuzla.png', 1013, 1919, N'Tušanj', 2980000, 20, N'Admir Smajić', N'Premijer liga', N'Mladen Zizović', 15000)
GO
INSERT [dbo].[Teams] ([Id], [Name], [Picture], [CountryId], [Founded], [HomeGround], [MarketValue], [NumberOfPlayers], [HeadCoach], [League], [President], [StadiumCapacity]) VALUES (18, N'GNK Dinamo Zagreb', N'https://banner2.cleanpng.com/20180609/bwg/kisspng-gnk-dinamo-zagreb-croatian-first-football-league-s-chk-dinamo-5b1c8c6e1ea850.5987832515285976141256.jpg', 1014, 1945, N'Maksimir', 1.318E+08, 37, N'Damir Krznar', N'1.HNL', N'Mirko Barišić', 35123)
GO
INSERT [dbo].[Teams] ([Id], [Name], [Picture], [CountryId], [Founded], [HomeGround], [MarketValue], [NumberOfPlayers], [HeadCoach], [League], [President], [StadiumCapacity]) VALUES (19, N'HNK Hajduk Split', N'https://upload.wikimedia.org/wikipedia/bs/c/c4/HNK_Hajduk_Split.png', 1014, 1911, N'Poljud', 3.325E+07, 29, N'Jens Gustafsson', N'1.HNL', N'Lukša Jakobušić', 34183)
GO
INSERT [dbo].[Teams] ([Id], [Name], [Picture], [CountryId], [Founded], [HomeGround], [MarketValue], [NumberOfPlayers], [HeadCoach], [League], [President], [StadiumCapacity]) VALUES (20, N'NK Osijek', N'https://upload.wikimedia.org/wikipedia/hr/thumb/4/4c/NK_Osijek.svg/1200px-NK_Osijek.svg.png', 1014, 1947, N'Gradski vrt', 3.14E+07, 33, N'Nenad Bjelić', N'1.HNL', N'Ivan Meštrović', 18856)
GO
INSERT [dbo].[Teams] ([Id], [Name], [Picture], [CountryId], [Founded], [HomeGround], [MarketValue], [NumberOfPlayers], [HeadCoach], [League], [President], [StadiumCapacity]) VALUES (21, N'HNK Gorica', N'https://www.logofootball.net/wp-content/uploads/HNK-Gorica-HD-Logo.png', 1014, 2009, N'SRC Velika Gorica', 2.23E+07, 29, N'Krunoslav Rendulić', N'1.HNL', N'Nenad Črnko', 3400)
GO
INSERT [dbo].[Teams] ([Id], [Name], [Picture], [CountryId], [Founded], [HomeGround], [MarketValue], [NumberOfPlayers], [HeadCoach], [League], [President], [StadiumCapacity]) VALUES (22, N'HNK Rijeka', N'https://upload.wikimedia.org/wikipedia/hr/a/ad/HNK_Rijeka.svg', 1014, 1946, N'Stadion Rujevica', 2.073E+07, 35, N'Goran Tomić', N'1.HNL', N'Damir Mišković', 8136)
GO
INSERT [dbo].[Teams] ([Id], [Name], [Picture], [CountryId], [Founded], [HomeGround], [MarketValue], [NumberOfPlayers], [HeadCoach], [League], [President], [StadiumCapacity]) VALUES (23, N'Crvena Zvezda Beograd', N'https://upload.wikimedia.org/wikipedia/commons/thumb/0/07/Grb-fk-crvena-zvezda.svg/1200px-Grb-fk-crvena-zvezda.svg.png', 1015, 1945, N'Rajko Mitić stadion', 5.885E+07, 29, N'Dejan Stanković', N'Super Liga Srbije', N'Svetozar Mijailović', 51755)
GO
INSERT [dbo].[Teams] ([Id], [Name], [Picture], [CountryId], [Founded], [HomeGround], [MarketValue], [NumberOfPlayers], [HeadCoach], [League], [President], [StadiumCapacity]) VALUES (24, N'FK Partizan Beograd', N'https://upload.wikimedia.org/wikipedia/en/thumb/e/ed/FK_Partizan.svg/1200px-FK_Partizan.svg.png', 1015, 1945, N'Partizan', 2.99E+07, 32, N'Aleksandar Stanojević', N'Super Liga Srbije', N'Ivan Ćurković', 32710)
GO
INSERT [dbo].[Teams] ([Id], [Name], [Picture], [CountryId], [Founded], [HomeGround], [MarketValue], [NumberOfPlayers], [HeadCoach], [League], [President], [StadiumCapacity]) VALUES (25, N'FK Čukarički', N'https://seeklogo.com/images/F/fk-cukaricki-stankom-logo-6A17DC2F49-seeklogo.com.png', 1015, 1926, N'Čukarički', 1.378E+07, 29, N'Aleksandar Veselinović', N'Super Liga Srbije', N'Aleksandar Veselinović', 4070)
GO
INSERT [dbo].[Teams] ([Id], [Name], [Picture], [CountryId], [Founded], [HomeGround], [MarketValue], [NumberOfPlayers], [HeadCoach], [League], [President], [StadiumCapacity]) VALUES (26, N'FK Vojvodina Novi Sad', N'https://upload.wikimedia.org/wikipedia/en/thumb/4/4d/FK_Vojvodina_logo.svg/1200px-FK_Vojvodina_logo.svg.png', 1015, 1914, N'Karađorđe', 1.17E+07, 24, N'Nenad Lalatović', N'Super Liga Srbije', N'Dušan Vlaović', 14852)
GO
INSERT [dbo].[Teams] ([Id], [Name], [Picture], [CountryId], [Founded], [HomeGround], [MarketValue], [NumberOfPlayers], [HeadCoach], [League], [President], [StadiumCapacity]) VALUES (27, N'FK TSC Backa Topola', N'https://d1yjjnpx0p53s8.cloudfront.net/styles/logo-thumbnail/s3/022018/fk_backa_topola.gif?s13ClC8YPI76MW8ivLeV5YOc4QlZzNtm&itok=cR0UEvVU', 1015, 1913, N'Stadion Senta', 9250000, 28, N'Zoltan Sabo', N'Super Liga Srbije', N'Sabolč Palađi', 5000)
GO
INSERT [dbo].[Teams] ([Id], [Name], [Picture], [CountryId], [Founded], [HomeGround], [MarketValue], [NumberOfPlayers], [HeadCoach], [League], [President], [StadiumCapacity]) VALUES (28, N'Real Madrid', N'https://www.logofootball.net/wp-content/uploads/Real-Madrid-CF-Logo.png', 1016, 1902, N'Estadio Alfredo Di Stéfano', 7.785E+08, 26, N'Carlo Ancelotti', N' UEFA Liga prvaka, Kup Kralja, FIFA Svjetsko klupsko prvenstvo', N'Florentino Pérez', 9000)
GO
INSERT [dbo].[Teams] ([Id], [Name], [Picture], [CountryId], [Founded], [HomeGround], [MarketValue], [NumberOfPlayers], [HeadCoach], [League], [President], [StadiumCapacity]) VALUES (29, N'FC Barcelona', N'https://upload.wikimedia.org/wikipedia/en/thumb/4/47/FC_Barcelona_%28crest%29.svg/1200px-FC_Barcelona_%28crest%29.svg.png', 1016, 1899, N'Camp Nou', 7.587E+08, 27, N'Ronald Koeman', N' LaLiga, UEFA Liga prvaka, Kup Kralja', N'Joan Laporta', 99354)
GO
INSERT [dbo].[Teams] ([Id], [Name], [Picture], [CountryId], [Founded], [HomeGround], [MarketValue], [NumberOfPlayers], [HeadCoach], [League], [President], [StadiumCapacity]) VALUES (30, N'Atlético de Madrid', N'https://upload.wikimedia.org/wikipedia/en/thumb/f/f4/Atletico_Madrid_2017_logo.svg/1200px-Atletico_Madrid_2017_logo.svg.png', 1016, 1903, N' Wanda Metropolitano', 7.214E+08, 25, N'Diego Simeone', N' LaLiga, UEFA Liga prvaka, Kup Kralja', N'Enrique Cerezo', 68456)
GO
INSERT [dbo].[Teams] ([Id], [Name], [Picture], [CountryId], [Founded], [HomeGround], [MarketValue], [NumberOfPlayers], [HeadCoach], [League], [President], [StadiumCapacity]) VALUES (31, N'Sevilla FC', N'https://upload.wikimedia.org/wikipedia/en/thumb/3/3b/Sevilla_FC_logo.svg/1200px-Sevilla_FC_logo.svg.png', 1016, 1890, N'Ramón Sánchez Pizjuan', 4.179E+08, 27, N'Julen Lopetegui', N'LaLiga, UEFA Liga prvaka, UEFA Europska liga, Kup Kralja', N'José Castro Carmona', 48883)
GO
INSERT [dbo].[Teams] ([Id], [Name], [Picture], [CountryId], [Founded], [HomeGround], [MarketValue], [NumberOfPlayers], [HeadCoach], [League], [President], [StadiumCapacity]) VALUES (32, N'Real Sociedad', N'https://upload.wikimedia.org/wikipedia/en/thumb/f/f1/Real_Sociedad_logo.svg/1200px-Real_Sociedad_logo.svg.png', 1016, 1909, N'Reale Arena', 3.817E+08, 27, N'Imanol Alguacil', N'LaLiga, Kup Kralja', N'Jokin Aperribay', 39500)
GO
INSERT [dbo].[Teams] ([Id], [Name], [Picture], [CountryId], [Founded], [HomeGround], [MarketValue], [NumberOfPlayers], [HeadCoach], [League], [President], [StadiumCapacity]) VALUES (33, N'Manchester City', N'https://upload.wikimedia.org/wikipedia/en/thumb/e/eb/Manchester_City_FC_badge.svg/1200px-Manchester_City_FC_badge.svg.png', 1017, 1894, N'Etihad Stadium', 1.06E+09, 25, N'Pep Guardiola', N'Premier League', N'Sheikh Mansour', 55017)
GO
INSERT [dbo].[Teams] ([Id], [Name], [Picture], [CountryId], [Founded], [HomeGround], [MarketValue], [NumberOfPlayers], [HeadCoach], [League], [President], [StadiumCapacity]) VALUES (34, N'Chelsea FC', N'https://upload.wikimedia.org/wikipedia/sco/thumb/c/cc/Chelsea_FC.svg/2048px-Chelsea_FC.svg.png', 1017, 1905, N'Stamford Bridge', 9.4E+08, 34, N'Thomas Tuchel', N'Premier League', N'Thomas Tuchel', 40853)
GO
INSERT [dbo].[Teams] ([Id], [Name], [Picture], [CountryId], [Founded], [HomeGround], [MarketValue], [NumberOfPlayers], [HeadCoach], [League], [President], [StadiumCapacity]) VALUES (35, N'Manchester United', N'https://upload.wikimedia.org/wikipedia/en/thumb/7/7a/Manchester_United_FC_crest.svg/1200px-Manchester_United_FC_crest.svg.png', 1017, 1878, N'Old Trafford', 9.2825E+08, 30, N'Ole Gunnar Solskjær', N'Premier League', N'Glazer ownership of Manchester United', 74879)
GO
INSERT [dbo].[Teams] ([Id], [Name], [Picture], [CountryId], [Founded], [HomeGround], [MarketValue], [NumberOfPlayers], [HeadCoach], [League], [President], [StadiumCapacity]) VALUES (36, N'Liverpool FC', N'https://upload.wikimedia.org/wikipedia/en/thumb/0/0c/Liverpool_FC.svg/1200px-Liverpool_FC.svg.png', 1017, 1892, N'Anfield', 9.015E+08, 31, N'Jürgen Klopp', N'Premier League', N'Tom Werner', 54074)
GO
INSERT [dbo].[Teams] ([Id], [Name], [Picture], [CountryId], [Founded], [HomeGround], [MarketValue], [NumberOfPlayers], [HeadCoach], [League], [President], [StadiumCapacity]) VALUES (37, N'Tottenham Hotspur', N'https://upload.wikimedia.org/wikipedia/en/thumb/b/b4/Tottenham_Hotspur.svg/1200px-Tottenham_Hotspur.svg.png', 1017, 1882, N'Tottenham Hotspur Stadium', 7.04E+08, 26, N'Nuno Espírito Santo', N'Premier League', N'ENIC Group', 62062)
GO
INSERT [dbo].[Teams] ([Id], [Name], [Picture], [CountryId], [Founded], [HomeGround], [MarketValue], [NumberOfPlayers], [HeadCoach], [League], [President], [StadiumCapacity]) VALUES (38, N'Paris Saint-Germain', N'https://upload.wikimedia.org/wikipedia/en/thumb/a/a7/Paris_Saint-Germain_F.C..svg/1200px-Paris_Saint-Germain_F.C..svg.png', 1018, 1970, N'Parc des Princes', 9.9325E+08, 34, N'Mauricio Pochettino', N'Ligue 1', N'Nasser Al-Khelaifi', 49691)
GO
INSERT [dbo].[Teams] ([Id], [Name], [Picture], [CountryId], [Founded], [HomeGround], [MarketValue], [NumberOfPlayers], [HeadCoach], [League], [President], [StadiumCapacity]) VALUES (39, N'AS Monaco', N'https://upload.wikimedia.org/wikipedia/en/thumb/b/ba/AS_Monaco_FC.svg/1200px-AS_Monaco_FC.svg.png', 1018, 1919, N'Stade Louis-II', 3.8585E+08, 35, N'Niko Kovač', N'Ligue 1', N' Dmitrij Ribolovljev', 18523)
GO
INSERT [dbo].[Teams] ([Id], [Name], [Picture], [CountryId], [Founded], [HomeGround], [MarketValue], [NumberOfPlayers], [HeadCoach], [League], [President], [StadiumCapacity]) VALUES (40, N'Olympique Lyon', N'https://logodownload.org/wp-content/uploads/2019/09/lyon-logo-4.png', 1018, 1950, N'Groupama Stadium', 3.2615E+08, 28, N'Peter Bosz', N'Ligue 1', N'Jean-Michel Aulas', 59186)
GO
INSERT [dbo].[Teams] ([Id], [Name], [Picture], [CountryId], [Founded], [HomeGround], [MarketValue], [NumberOfPlayers], [HeadCoach], [League], [President], [StadiumCapacity]) VALUES (41, N'LOSC Lille', N'https://upload.wikimedia.org/wikipedia/en/thumb/3/3f/Lille_OSC_2018_logo.svg/1200px-Lille_OSC_2018_logo.svg.png', 1018, 1944, N'Stade Pierre-Mauroy', 2.676E+08, 26, N'Christophe Galtier', N'Ligue 1', N'Christophe Galtier', 50186)
GO
INSERT [dbo].[Teams] ([Id], [Name], [Picture], [CountryId], [Founded], [HomeGround], [MarketValue], [NumberOfPlayers], [HeadCoach], [League], [President], [StadiumCapacity]) VALUES (42, N'Stade Rennais FC', N'https://upload.wikimedia.org/wikipedia/en/thumb/9/9e/Stade_Rennais_FC.svg/1200px-Stade_Rennais_FC.svg.png', 1018, 1901, N'Roazhon Park', 2.5015E+08, 33, N'Bruno Génésio', N'Ligue 1', N'Nicolas Holveck', 29778)
GO
INSERT [dbo].[Teams] ([Id], [Name], [Picture], [CountryId], [Founded], [HomeGround], [MarketValue], [NumberOfPlayers], [HeadCoach], [League], [President], [StadiumCapacity]) VALUES (43, N'Bayern Munich', N'https://upload.wikimedia.org/wikipedia/commons/thumb/1/1b/FC_Bayern_M%C3%BCnchen_logo_%282017%29.svg/1200px-FC_Bayern_M%C3%BCnchen_logo_%282017%29.svg.png', 1019, 1900, N'Allianz Arena', 8.185E+08, 26, N'Julian Nagelsmann', N'Bundesliga', N'Franz John', 75024)
GO
INSERT [dbo].[Teams] ([Id], [Name], [Picture], [CountryId], [Founded], [HomeGround], [MarketValue], [NumberOfPlayers], [HeadCoach], [League], [President], [StadiumCapacity]) VALUES (44, N'Borussia Dortmund', N'https://upload.wikimedia.org/wikipedia/commons/thumb/6/67/Borussia_Dortmund_logo.svg/560px-Borussia_Dortmund_logo.svg.png', 1019, 1909, N'SIGNAL IDUNA PARK', 5.724E+08, 34, N'Marco Rose', N'Bundesliga', N'Reinhard Rauball', 81365)
GO
INSERT [dbo].[Teams] ([Id], [Name], [Picture], [CountryId], [Founded], [HomeGround], [MarketValue], [NumberOfPlayers], [HeadCoach], [League], [President], [StadiumCapacity]) VALUES (45, N'RB Leipzig', N'https://upload.wikimedia.org/wikipedia/hr/thumb/0/04/RB_Leipzig_2014_logo.svg/1200px-RB_Leipzig_2014_logo.svg.png', 1019, 2009, N'Red Bull Arena', 5.6055E+08, 31, N'Jesse Marsch', N'Bundesliga', N'Oliver Mintzlaff', 42146)
GO
INSERT [dbo].[Teams] ([Id], [Name], [Picture], [CountryId], [Founded], [HomeGround], [MarketValue], [NumberOfPlayers], [HeadCoach], [League], [President], [StadiumCapacity]) VALUES (46, N'Bayer 04 Leverkusen', N'https://upload.wikimedia.org/wikipedia/bs/thumb/f/f7/Bayer_Leverkusen_Logo.svg/1200px-Bayer_Leverkusen_Logo.svg.png', 1019, 1904, N'BayArena', 3.6025E+08, 31, N'Gerardo Seoane', N'Bundesliga', N'Gerardo Seoane', 30210)
GO
INSERT [dbo].[Teams] ([Id], [Name], [Picture], [CountryId], [Founded], [HomeGround], [MarketValue], [NumberOfPlayers], [HeadCoach], [League], [President], [StadiumCapacity]) VALUES (47, N'Borussia Mönchengladbach', N'https://upload.wikimedia.org/wikipedia/commons/thumb/8/81/Borussia_M%C3%B6nchengladbach_logo.svg/1200px-Borussia_M%C3%B6nchengladbach_logo.svg.png', 1019, 1900, N'Stadion im Borussia-Park', 3.01E+08, 30, N'Adi Hütter', N'Bundesliga', N'Rolf Königs', 54022)
GO
INSERT [dbo].[Teams] ([Id], [Name], [Picture], [CountryId], [Founded], [HomeGround], [MarketValue], [NumberOfPlayers], [HeadCoach], [League], [President], [StadiumCapacity]) VALUES (48, N'Juventus FC', N'https://upload.wikimedia.org/wikipedia/commons/thumb/1/15/Juventus_FC_2017_logo.svg/1031px-Juventus_FC_2017_logo.svg.png', 1020, 1897, N'Allianz Stadium', 6.546E+08, 27, N'Massimiliano Allegri', N'Serie A', N'Andrea Agnelli', 41507)
GO
INSERT [dbo].[Teams] ([Id], [Name], [Picture], [CountryId], [Founded], [HomeGround], [MarketValue], [NumberOfPlayers], [HeadCoach], [League], [President], [StadiumCapacity]) VALUES (49, N'Inter Milan', N'https://e7.pngegg.com/pngimages/6/206/png-clipart-inter-milan-cagliari-a-c-milan-logo-football-emblem-trademark.png', 1020, 1908, N'Giuseppe Meazza', 5.788E+08, 31, N'Simone Inzaghi', N'Serie A', N'Steven Zhang', 75923)
GO
INSERT [dbo].[Teams] ([Id], [Name], [Picture], [CountryId], [Founded], [HomeGround], [MarketValue], [NumberOfPlayers], [HeadCoach], [League], [President], [StadiumCapacity]) VALUES (50, N'SSC Napoli', N'https://upload.wikimedia.org/wikipedia/commons/thumb/2/2d/SSC_Neapel.svg/600px-SSC_Neapel.svg.png', 1020, 1926, N'Stadio Diego Armando Maradona ', 4.9795E+08, 30, N'Luciano Spalletti', N'Serie A', N'Aurelio De Laurentiis', 54726)
GO
INSERT [dbo].[Teams] ([Id], [Name], [Picture], [CountryId], [Founded], [HomeGround], [MarketValue], [NumberOfPlayers], [HeadCoach], [League], [President], [StadiumCapacity]) VALUES (51, N'AS Roma', N'https://upload.wikimedia.org/wikipedia/en/thumb/f/f7/AS_Roma_logo_%282017%29.svg/1200px-AS_Roma_logo_%282017%29.svg.png', 1020, 1927, N' Olimpico di Roma ', 4.4585E+08, 42, N'José Mourinho', N'Serie A', N'James Pallotta', 73261)
GO
INSERT [dbo].[Teams] ([Id], [Name], [Picture], [CountryId], [Founded], [HomeGround], [MarketValue], [NumberOfPlayers], [HeadCoach], [League], [President], [StadiumCapacity]) VALUES (52, N'AC Milan', N'https://upload.wikimedia.org/wikipedia/commons/thumb/d/d0/Logo_of_AC_Milan.svg/653px-Logo_of_AC_Milan.svg.png', 1020, 1899, N'Giuseppe Meazza ', 4.304E+08, 25, N'Stefano Pioli', N'Serie A', N'Paolo Scaroni', 75923)
GO
INSERT [dbo].[Teams] ([Id], [Name], [Picture], [CountryId], [Founded], [HomeGround], [MarketValue], [NumberOfPlayers], [HeadCoach], [League], [President], [StadiumCapacity]) VALUES (53, N'Ajax Amsterdam', N'https://upload.wikimedia.org/wikipedia/en/thumb/7/79/Ajax_Amsterdam.svg/1200px-Ajax_Amsterdam.svg.png', 1021, 1900, N'Johan Cruijff ArenA ', 3.449E+08, 26, N'Erik ten Hag', N'Eredivisie', N'Frank Eijken', 54990)
GO
INSERT [dbo].[Teams] ([Id], [Name], [Picture], [CountryId], [Founded], [HomeGround], [MarketValue], [NumberOfPlayers], [HeadCoach], [League], [President], [StadiumCapacity]) VALUES (54, N'PSV Eindhoven', N'https://upload.wikimedia.org/wikipedia/en/thumb/0/05/PSV_Eindhoven.svg/1200px-PSV_Eindhoven.svg.png', 1021, 1913, N'Philips Stadion', 1.5555E+08, 29, N'Roger Schmidt', N'Eredivisie', N'Jan Albers', 35000)
GO
INSERT [dbo].[Teams] ([Id], [Name], [Picture], [CountryId], [Founded], [HomeGround], [MarketValue], [NumberOfPlayers], [HeadCoach], [League], [President], [StadiumCapacity]) VALUES (55, N'Feyenoord Rotterdam', N'https://upload.wikimedia.org/wikipedia/sco/thumb/e/e3/Feyenoord_logo.svg/1200px-Feyenoord_logo.svg.png', 1021, 1908, N'Stadion Feyenoord De Kuip', 9.95E+07, 28, N'Dick Advocaat', N'Eredivisie', N'Gerard Hoetmer', 47500)
GO
INSERT [dbo].[Teams] ([Id], [Name], [Picture], [CountryId], [Founded], [HomeGround], [MarketValue], [NumberOfPlayers], [HeadCoach], [League], [President], [StadiumCapacity]) VALUES (56, N'AZ Alkmaar', N'https://upload.wikimedia.org/wikipedia/commons/thumb/e/e0/AZ_Alkmaar.svg/1280px-AZ_Alkmaar.svg.png', 1021, 1967, N'AFAS Stadion ', 8.905E+07, 27, N'Pascal Jansen', N'Eredivisie', N'René Neelissen', 17023)
GO
INSERT [dbo].[Teams] ([Id], [Name], [Picture], [CountryId], [Founded], [HomeGround], [MarketValue], [NumberOfPlayers], [HeadCoach], [League], [President], [StadiumCapacity]) VALUES (57, N'FC Utrecht', N'https://upload.wikimedia.org/wikipedia/commons/thumb/5/5d/Logo_FC_Utrecht.svg/1200px-Logo_FC_Utrecht.svg.png', 1021, 1970, N'Stadion Galgenwaard', 3.449E+08, 29, N'René Hake', N'Eredivisie', N'Netherlands flag Thijs van Es', 23750)
GO
INSERT [dbo].[Teams] ([Id], [Name], [Picture], [CountryId], [Founded], [HomeGround], [MarketValue], [NumberOfPlayers], [HeadCoach], [League], [President], [StadiumCapacity]) VALUES (58, N'Fenerbahce SK', N'https://upload.wikimedia.org/wikipedia/en/thumb/3/39/Fenerbah%C3%A7e.svg/1200px-Fenerbah%C3%A7e.svg.png', 1022, 1907, N'Stadion Ülker Stadyumu FB Şükrü Saraçoğlu Spor Kompleksi', 1.0193E+08, 38, N'Aleksandar Đorđević', N'SÜPER LIGTurkey', N'Ali Koč', 47834)
GO
INSERT [dbo].[Teams] ([Id], [Name], [Picture], [CountryId], [Founded], [HomeGround], [MarketValue], [NumberOfPlayers], [HeadCoach], [League], [President], [StadiumCapacity]) VALUES (59, N'Besiktas JK', N'https://upload.wikimedia.org/wikipedia/commons/thumb/2/20/Logo_of_Be%C5%9Fikta%C5%9F_JK.svg/2002px-Logo_of_Be%C5%9Fikta%C5%9F_JK.svg.png', 1022, 1903, N'Vodafone Park', 1.0145E+08, 33, N'Sergen Yalçın', N'SÜPER LIGTurkey', N'Ahmet Nur Çebi', 41188)
GO
INSERT [dbo].[Teams] ([Id], [Name], [Picture], [CountryId], [Founded], [HomeGround], [MarketValue], [NumberOfPlayers], [HeadCoach], [League], [President], [StadiumCapacity]) VALUES (60, N'Galatasaray A.S.', N'https://upload.wikimedia.org/wikipedia/commons/f/f6/Galatasaray_Sports_Club_Logo.png', 1022, 1905, N'Ali Sami Yen Spor Kompleksi Türk Telekom Stadyumu', 9.843E+07, 35, N'Fatih Terim', N'SÜPER LIGTurkey', N'Burak Elmas', 52223)
GO
INSERT [dbo].[Teams] ([Id], [Name], [Picture], [CountryId], [Founded], [HomeGround], [MarketValue], [NumberOfPlayers], [HeadCoach], [League], [President], [StadiumCapacity]) VALUES (61, N'Trabzonspor', N'https://upload.wikimedia.org/wikipedia/en/thumb/c/c7/Trabzonspor_logo.svg/1200px-Trabzonspor_logo.svg.png', 1022, 1963, N'Stadion Şenol Güneş Spor Kompleksi', 9.29E+07, 29, N'Abdullah Avcı', N'SÜPER LIGTurkey', N'Ahmet Ağaoğlu', 40782)
GO
INSERT [dbo].[Teams] ([Id], [Name], [Picture], [CountryId], [Founded], [HomeGround], [MarketValue], [NumberOfPlayers], [HeadCoach], [League], [President], [StadiumCapacity]) VALUES (62, N'Istanbul Basaksehir FK', N'https://upload.wikimedia.org/wikipedia/en/thumb/e/e1/%C4%B0stanbul_Ba%C5%9Fak%C5%9Fehir_logo.svg/1200px-%C4%B0stanbul_Ba%C5%9Fak%C5%9Fehir_logo.svg.png', 1022, 2014, N'Stadion Başakşehir Fatih Terim Stadium', 5.403E+07, 33, N'Aykut Kocaman', N'SÜPER LIGTurkey', N' Göksel Gümüşdağ', 17156)
GO
SET IDENTITY_INSERT [dbo].[Teams] OFF
GO
SET IDENTITY_INSERT [dbo].[Players] ON 
GO
INSERT [dbo].[Players] ([Id], [Name], [DateOfBirth], [PlaceOfBirth], [Age], [CountryId], [MarketValue], [Position], [TeamId], [Picture], [Joined], [ConstractExpDate], [Number]) VALUES (7, N'Mike Maignan', CAST(N'1995-06-03T00:00:00.0000000' AS DateTime2), N'Cayenne', 26, 1018, 2.5E+08, N'golman', 52, N'http://t0.gstatic.com/licensed-image?q=tbn:ANd9GcTxz7vQXvUKTadJmnw71cWp5OZruj_4sf65i4D1BpPwzpxUBnv6yczonWkcZ3iv', CAST(N'2016-08-18T00:00:00.0000000' AS DateTime2), CAST(N'2021-07-01T00:00:00.0000000' AS DateTime2), 16)
GO
INSERT [dbo].[Players] ([Id], [Name], [DateOfBirth], [PlaceOfBirth], [Age], [CountryId], [MarketValue], [Position], [TeamId], [Picture], [Joined], [ConstractExpDate], [Number]) VALUES (8, N'Alessandro Plizzari', CAST(N'2000-03-12T00:00:00.0000000' AS DateTime2), N'Crema', 21, 1020, 1500000, N'golman', 52, N'http://t1.gstatic.com/licensed-image?q=tbn:ANd9GcRwQ0FT-6depzbarGNt0XkYNS6HvQvos_ijAkoMq8-mZAyXgTxpo_Z7kOsT1BcJ', CAST(N'2020-09-12T00:00:00.0000000' AS DateTime2), CAST(N'2021-06-30T00:00:00.0000000' AS DateTime2), 77)
GO
INSERT [dbo].[Players] ([Id], [Name], [DateOfBirth], [PlaceOfBirth], [Age], [CountryId], [MarketValue], [Position], [TeamId], [Picture], [Joined], [ConstractExpDate], [Number]) VALUES (9, N'Ciprian Tatarusanu', CAST(N'1986-02-09T00:00:00.0000000' AS DateTime2), N'Bukarest', 35, 1020, 600000, N'golman', 52, N'http://t3.gstatic.com/licensed-image?q=tbn:ANd9GcTDQdbiecx_asTv4Zgeovn3AKFujyTQlco_lw-ykuh3sxZptEL7PzClix-VcFpa', CAST(N'2019-07-01T00:00:00.0000000' AS DateTime2), CAST(N'2020-09-11T00:00:00.0000000' AS DateTime2), 1)
GO
INSERT [dbo].[Players] ([Id], [Name], [DateOfBirth], [PlaceOfBirth], [Age], [CountryId], [MarketValue], [Position], [TeamId], [Picture], [Joined], [ConstractExpDate], [Number]) VALUES (10, N'Fikayo Tomori', CAST(N'1997-12-19T00:00:00.0000000' AS DateTime2), N'Calgary Alberta', 23, 1017, 2.8E+07, N'centar', 52, N'http://t3.gstatic.com/licensed-image?q=tbn:ANd9GcRmaXXe0NXpwr66hwelIq8JhNCSW14mbFYd0PADW3rC65ixQNd5BYC4JxfgvV01', CAST(N'2021-07-01T00:00:00.0000000' AS DateTime2), CAST(N'2025-06-30T00:00:00.0000000' AS DateTime2), 23)
GO
INSERT [dbo].[Players] ([Id], [Name], [DateOfBirth], [PlaceOfBirth], [Age], [CountryId], [MarketValue], [Position], [TeamId], [Picture], [Joined], [ConstractExpDate], [Number]) VALUES (11, N'Alessio Romagnoli ', CAST(N'1996-01-12T00:00:00.0000000' AS DateTime2), N'Anzio', 26, 1020, 2.5E+07, N'Centar', 52, N'http://t3.gstatic.com/licensed-image?q=tbn:ANd9GcR296htBnfVIzcVcY4qTZq076Dt-yeJiakPlRUvIgFZ_VJ-pteECEXgs31VjAn2', CAST(N'2015-08-11T00:00:00.0000000' AS DateTime2), CAST(N'2022-07-30T00:00:00.0000000' AS DateTime2), 13)
GO
INSERT [dbo].[Players] ([Id], [Name], [DateOfBirth], [PlaceOfBirth], [Age], [CountryId], [MarketValue], [Position], [TeamId], [Picture], [Joined], [ConstractExpDate], [Number]) VALUES (12, N'Ryan Gravenberch', CAST(N'2002-05-16T00:00:00.0000000' AS DateTime2), N'Amsterdam', 19, 1021, 3.3E+07, N'Centralni vezni', 53, N'https://img.a.transfermarkt.technology/portrait/big/478573-1537783998.jpg?lm=1', CAST(N'2019-09-12T00:00:00.0000000' AS DateTime2), CAST(N'2020-06-11T00:00:00.0000000' AS DateTime2), 8)
GO
INSERT [dbo].[Players] ([Id], [Name], [DateOfBirth], [PlaceOfBirth], [Age], [CountryId], [MarketValue], [Position], [TeamId], [Picture], [Joined], [ConstractExpDate], [Number]) VALUES (13, N'Andre Onana', CAST(N'1996-02-02T00:00:00.0000000' AS DateTime2), N'Nkol Ngok', 25, 1021, 3E+07, N'Golman', 53, N'http://t1.gstatic.com/licensed-image?q=tbn:ANd9GcQx5ywdJYWPAXjXUu2ck3QbCTIvPiJDkjCBRsnJjunfrmNOhA0_8lKOTekEhxKo', CAST(N'2015-01-14T00:00:00.0000000' AS DateTime2), CAST(N'2022-06-30T00:00:00.0000000' AS DateTime2), 24)
GO
INSERT [dbo].[Players] ([Id], [Name], [DateOfBirth], [PlaceOfBirth], [Age], [CountryId], [MarketValue], [Position], [TeamId], [Picture], [Joined], [ConstractExpDate], [Number]) VALUES (14, N'Sebastien Haller', CAST(N'1994-06-22T00:00:00.0000000' AS DateTime2), N'Ris Orangis', 27, 1018, 2.7E+07, N'Centar', 53, N'http://t2.gstatic.com/licensed-image?q=tbn:ANd9GcQEjzAjMOD3mAPuo62EC5Nfn0bncH3XcoejGz3A0y6fEgTg5LGPengo24vfyrvb', CAST(N'2021-01-08T00:00:00.0000000' AS DateTime2), CAST(N'2025-06-30T00:00:00.0000000' AS DateTime2), 22)
GO
INSERT [dbo].[Players] ([Id], [Name], [DateOfBirth], [PlaceOfBirth], [Age], [CountryId], [MarketValue], [Position], [TeamId], [Picture], [Joined], [ConstractExpDate], [Number]) VALUES (15, N'David Neres', CAST(N'1997-03-03T00:00:00.0000000' AS DateTime2), N'Brazil', 24, 1021, 2.7E+07, N'Desno krilo', 53, N'http://t0.gstatic.com/licensed-image?q=tbn:ANd9GcS0HEWHmqaVTVh0rPbcA1yBi0dYAwAaYwVaK4ij1542QSwFFUk-frOm-7Q4p0fl', CAST(N'2017-01-31T00:00:00.0000000' AS DateTime2), CAST(N'2023-06-30T00:00:00.0000000' AS DateTime2), 7)
GO
INSERT [dbo].[Players] ([Id], [Name], [DateOfBirth], [PlaceOfBirth], [Age], [CountryId], [MarketValue], [Position], [TeamId], [Picture], [Joined], [ConstractExpDate], [Number]) VALUES (16, N' Antony', CAST(N'2000-02-24T00:00:00.0000000' AS DateTime2), N'Brazil', 21, 1021, 2.5E+07, N'Desno krilo', 53, N'https://www.elartedf.com/wp-content/uploads/2020/09/hjhjhjh.jpg', CAST(N'2020-07-01T00:00:00.0000000' AS DateTime2), CAST(N'2025-06-30T00:00:00.0000000' AS DateTime2), 11)
GO
INSERT [dbo].[Players] ([Id], [Name], [DateOfBirth], [PlaceOfBirth], [Age], [CountryId], [MarketValue], [Position], [TeamId], [Picture], [Joined], [ConstractExpDate], [Number]) VALUES (17, N'Kevin Volland', CAST(N'1992-07-30T00:00:00.0000000' AS DateTime2), N'Marktoberdorf', 29, 1019, 3E+07, N'Centralni vezni', 39, N'http://t2.gstatic.com/licensed-image?q=tbn:ANd9GcSsN-wj4doXz1uLQ8XI9KBhef22jr8P0XctEZ1fywMhDXiBorWpTwCNPUhLX-S5', CAST(N'2020-09-02T00:00:00.0000000' AS DateTime2), CAST(N'2024-06-30T00:00:00.0000000' AS DateTime2), 31)
GO
INSERT [dbo].[Players] ([Id], [Name], [DateOfBirth], [PlaceOfBirth], [Age], [CountryId], [MarketValue], [Position], [TeamId], [Picture], [Joined], [ConstractExpDate], [Number]) VALUES (18, N'Aureien Tchouameni', CAST(N'2000-01-20T00:00:00.0000000' AS DateTime2), N'Rouen', 21, 1018, 3E+07, N'Odbrambeni vezni', 39, N'http://t1.gstatic.com/licensed-image?q=tbn:ANd9GcTT2SVdxg9-XEhofBlQs-WOP_FcxJBJ3NP4t5qw7CxR1qjzKVmE3Au9td-37xer', CAST(N'2020-01-29T00:00:00.0000000' AS DateTime2), CAST(N'2024-06-30T00:00:00.0000000' AS DateTime2), 8)
GO
INSERT [dbo].[Players] ([Id], [Name], [DateOfBirth], [PlaceOfBirth], [Age], [CountryId], [MarketValue], [Position], [TeamId], [Picture], [Joined], [ConstractExpDate], [Number]) VALUES (19, N'Benoit Badiashile', CAST(N'2001-03-26T00:00:00.0000000' AS DateTime2), N'Limoges', 21, 1018, 2.8E+07, N'Centarbek', 39, N'http://t2.gstatic.com/licensed-image?q=tbn:ANd9GcT8wKUlKZkwYimN1nmy9gkmomkDs9NaH3OcDVmnNA3tJ4juUCC_MdqoU2louTt5', CAST(N'2018-07-01T00:00:00.0000000' AS DateTime2), CAST(N'2024-06-30T00:00:00.0000000' AS DateTime2), 5)
GO
INSERT [dbo].[Players] ([Id], [Name], [DateOfBirth], [PlaceOfBirth], [Age], [CountryId], [MarketValue], [Position], [TeamId], [Picture], [Joined], [ConstractExpDate], [Number]) VALUES (20, N'Wissam Ben Yedder', CAST(N'1992-08-12T00:00:00.0000000' AS DateTime2), N'Sarcelles', 31, 1018, 3.5E+07, N'Centralni vezni', 39, N'http://t2.gstatic.com/licensed-image?q=tbn:ANd9GcRGJJL7766ZUEzsIayV66FM9r9cLimac1Cuzf3w3EpuvFL25X3rWsMGDylbpz3W', CAST(N'2019-08-14T00:00:00.0000000' AS DateTime2), CAST(N'2024-06-30T00:00:00.0000000' AS DateTime2), 10)
GO
INSERT [dbo].[Players] ([Id], [Name], [DateOfBirth], [PlaceOfBirth], [Age], [CountryId], [MarketValue], [Position], [TeamId], [Picture], [Joined], [ConstractExpDate], [Number]) VALUES (21, N'Aleksandar Golovin', CAST(N'1996-05-30T00:00:00.0000000' AS DateTime2), N'Kaltan', 25, 1018, 2.8E+07, N'Napadacki vezni', 39, N'http://t3.gstatic.com/licensed-image?q=tbn:ANd9GcQMZYPyjosJ8CVv82yucuvKELlIx9a53mD5weqbpHj6iAPxhsp0t5yX056JqHOk', CAST(N'2018-07-27T00:00:00.0000000' AS DateTime2), CAST(N'2024-06-30T00:00:00.0000000' AS DateTime2), 17)
GO
INSERT [dbo].[Players] ([Id], [Name], [DateOfBirth], [PlaceOfBirth], [Age], [CountryId], [MarketValue], [Position], [TeamId], [Picture], [Joined], [ConstractExpDate], [Number]) VALUES (22, N'Lorenzo Pellegrini', CAST(N'1996-06-19T00:00:00.0000000' AS DateTime2), N'Roma', 26, 1020, 4E+07, N'Centralni vezni', 51, N'http://t1.gstatic.com/licensed-image?q=tbn:ANd9GcSgdx9ByN-82l9ptaScJ7r8mt5GPCDsOGOv0wIKoB39OCRoKcq877_dV1Li573b', CAST(N'2017-07-01T00:00:00.0000000' AS DateTime2), CAST(N'0022-06-30T00:00:00.0000000' AS DateTime2), 7)
GO
INSERT [dbo].[Players] ([Id], [Name], [DateOfBirth], [PlaceOfBirth], [Age], [CountryId], [MarketValue], [Position], [TeamId], [Picture], [Joined], [ConstractExpDate], [Number]) VALUES (23, N'Nicolo Zaniolo', CAST(N'1999-07-02T00:00:00.0000000' AS DateTime2), N'Massa', 22, 1020, 4E+07, N'Desno krilo', 51, N'https://img.a.transfermarkt.technology/portrait/big/392085-1550050645.jpg?lm=1', CAST(N'2018-07-01T00:00:00.0000000' AS DateTime2), CAST(N'2024-06-30T00:00:00.0000000' AS DateTime2), 22)
GO
INSERT [dbo].[Players] ([Id], [Name], [DateOfBirth], [PlaceOfBirth], [Age], [CountryId], [MarketValue], [Position], [TeamId], [Picture], [Joined], [ConstractExpDate], [Number]) VALUES (24, N'Tammy Abraham', CAST(N'1997-10-02T00:00:00.0000000' AS DateTime2), N'London', 23, 1017, 3.8E+07, N'Centralni vezni', 51, N'https://static.standard.co.uk/s3fs-public/thumbnails/image/2020/03/06/10/Abraham0603abcde.jpg?width=968&auto=webp&quality=75&crop=968%3A645%2Csmart', CAST(N'2021-08-17T00:00:00.0000000' AS DateTime2), CAST(N'2026-06-30T00:00:00.0000000' AS DateTime2), 9)
GO
INSERT [dbo].[Players] ([Id], [Name], [DateOfBirth], [PlaceOfBirth], [Age], [CountryId], [MarketValue], [Position], [TeamId], [Picture], [Joined], [ConstractExpDate], [Number]) VALUES (25, N'Jordan Veretout', CAST(N'1993-03-01T00:00:00.0000000' AS DateTime2), N'Ancenis', 28, 1018, 3.3E+07, N'Centralni vezni', 51, N'http://t3.gstatic.com/licensed-image?q=tbn:ANd9GcQbcJhDIc7-3w3FGHjHAo3NIvrNrR83gUY1lB23EPwrS0qZbnWfho6BQBVc701a', CAST(N'2020-09-01T00:00:00.0000000' AS DateTime2), CAST(N'2024-06-30T00:00:00.0000000' AS DateTime2), 17)
GO
INSERT [dbo].[Players] ([Id], [Name], [DateOfBirth], [PlaceOfBirth], [Age], [CountryId], [MarketValue], [Position], [TeamId], [Picture], [Joined], [ConstractExpDate], [Number]) VALUES (26, N'Gianluca Mancini', CAST(N'1996-04-17T00:00:00.0000000' AS DateTime2), N'Pontedera', 25, 1020, 3E+07, N'Centarbek', 51, N'http://t1.gstatic.com/licensed-image?q=tbn:ANd9GcSWVGxN_JbOj-zh6ot-15_ITJBMA51B0w7XZg6-CyhKqfHY-3WnqHPiPY1fAYg3', CAST(N'2020-09-01T00:00:00.0000000' AS DateTime2), CAST(N'2024-06-30T00:00:00.0000000' AS DateTime2), 23)
GO
INSERT [dbo].[Players] ([Id], [Name], [DateOfBirth], [PlaceOfBirth], [Age], [CountryId], [MarketValue], [Position], [TeamId], [Picture], [Joined], [ConstractExpDate], [Number]) VALUES (27, N'Marcos Llorente', CAST(N'1995-01-30T00:00:00.0000000' AS DateTime2), N'Madrid', 25, 1016, 8E+07, N'Centarbek', 30, N'http://t0.gstatic.com/licensed-image?q=tbn:ANd9GcRTQrmC8-TEwLIPRR1gOwUMI7Wqacsy-gNmfgXbqbtqM30b6VyNYDnEp6x2Jt5f', CAST(N'2019-07-01T00:00:00.0000000' AS DateTime2), CAST(N'2027-06-30T00:00:00.0000000' AS DateTime2), 14)
GO
INSERT [dbo].[Players] ([Id], [Name], [DateOfBirth], [PlaceOfBirth], [Age], [CountryId], [MarketValue], [Position], [TeamId], [Picture], [Joined], [ConstractExpDate], [Number]) VALUES (28, N'Jan Oblak', CAST(N'1993-01-07T00:00:00.0000000' AS DateTime2), N'Skofja Loka', 28, 1016, 7E+07, N'Golman', 30, N'http://t3.gstatic.com/licensed-image?q=tbn:ANd9GcQx_sfRXPX3ylPaq-0cSEDLBnrgkn4-go66nfgPbHa1kGjpcDk4YD-uDXtMsqmO', CAST(N'2014-07-16T00:00:00.0000000' AS DateTime2), CAST(N'2023-06-30T00:00:00.0000000' AS DateTime2), 13)
GO
INSERT [dbo].[Players] ([Id], [Name], [DateOfBirth], [PlaceOfBirth], [Age], [CountryId], [MarketValue], [Position], [TeamId], [Picture], [Joined], [ConstractExpDate], [Number]) VALUES (29, N'Joao Felix', CAST(N'1999-10-10T00:00:00.0000000' AS DateTime2), N'Viseu', 21, 1016, 8E+07, N'Second Striker', 30, N'https://upload.wikimedia.org/wikipedia/commons/e/eb/Jo%C3%A3o_Felix_2019_%28cropped%29.jpg', CAST(N'2019-07-03T00:00:00.0000000' AS DateTime2), CAST(N'2026-06-30T00:00:00.0000000' AS DateTime2), 7)
GO
INSERT [dbo].[Players] ([Id], [Name], [DateOfBirth], [PlaceOfBirth], [Age], [CountryId], [MarketValue], [Position], [TeamId], [Picture], [Joined], [ConstractExpDate], [Number]) VALUES (30, N'Jose Maria Gimenez', CAST(N'1995-01-20T00:00:00.0000000' AS DateTime2), N'Toledo', 26, 1016, 6E+07, N'Centarbek', 30, N'https://upload.wikimedia.org/wikipedia/commons/5/5d/Jos%C3%A9_Mar%C3%ADa_Gim%C3%A9nez.jpg', CAST(N'2013-04-25T00:00:00.0000000' AS DateTime2), CAST(N'2025-01-30T00:00:00.0000000' AS DateTime2), 2)
GO
INSERT [dbo].[Players] ([Id], [Name], [DateOfBirth], [PlaceOfBirth], [Age], [CountryId], [MarketValue], [Position], [TeamId], [Picture], [Joined], [ConstractExpDate], [Number]) VALUES (31, N'Koke', CAST(N'1992-01-08T00:00:00.0000000' AS DateTime2), N'Madrid', 28, 1016, 6E+07, N'Centralni vezni', 30, N'https://upload.wikimedia.org/wikipedia/commons/1/17/Koke_2019.jpg', CAST(N'2011-01-01T00:00:00.0000000' AS DateTime2), CAST(N'2024-06-30T00:00:00.0000000' AS DateTime2), 6)
GO
INSERT [dbo].[Players] ([Id], [Name], [DateOfBirth], [PlaceOfBirth], [Age], [CountryId], [MarketValue], [Position], [TeamId], [Picture], [Joined], [ConstractExpDate], [Number]) VALUES (32, N'Owen Wijndal', CAST(N'1999-11-28T00:00:00.0000000' AS DateTime2), N'Zaandam', 21, 1021, 1.75E+07, N'Lijevi bek', 56, N'https://s.hs-data.com/bilder/spieler/gross/318867.jpg?fallback=png', CAST(N'2017-07-01T00:00:00.0000000' AS DateTime2), CAST(N'2023-06-30T00:00:00.0000000' AS DateTime2), 5)
GO
INSERT [dbo].[Players] ([Id], [Name], [DateOfBirth], [PlaceOfBirth], [Age], [CountryId], [MarketValue], [Position], [TeamId], [Picture], [Joined], [ConstractExpDate], [Number]) VALUES (33, N'Fredrik Midtsjo', CAST(N'1993-08-11T00:00:00.0000000' AS DateTime2), N'Stjordal', 28, 2026, 1E+07, N'Centar', 56, N'http://t1.gstatic.com/licensed-image?q=tbn:ANd9GcR-N9SNuP9KzmYvF5Vrhg3MyU67ceuFlR-czlheLU_ksTkOURVfiRewliAdqGs1', CAST(N'2017-08-26T00:00:00.0000000' AS DateTime2), CAST(N'2023-06-30T00:00:00.0000000' AS DateTime2), 6)
GO
INSERT [dbo].[Players] ([Id], [Name], [DateOfBirth], [PlaceOfBirth], [Age], [CountryId], [MarketValue], [Position], [TeamId], [Picture], [Joined], [ConstractExpDate], [Number]) VALUES (34, N'Jesper Karlsson', CAST(N'1998-07-25T00:00:00.0000000' AS DateTime2), N'Falkenberg', 23, 2026, 8000000, N'Lijevo krilo', 56, N'https://img.a.transfermarkt.technology/portrait/header/367992-1629444840.jpg?lm=1', CAST(N'2020-09-29T00:00:00.0000000' AS DateTime2), CAST(N'2025-06-30T00:00:00.0000000' AS DateTime2), 11)
GO
INSERT [dbo].[Players] ([Id], [Name], [DateOfBirth], [PlaceOfBirth], [Age], [CountryId], [MarketValue], [Position], [TeamId], [Picture], [Joined], [ConstractExpDate], [Number]) VALUES (35, N'Albert Gudmundsson', CAST(N'1997-06-15T00:00:00.0000000' AS DateTime2), N'Rejkyavik', 24, 1017, 4000000, N'Desno krilo', 56, N'https://img.a.transfermarkt.technology/portrait/header/305947-1629444980.jpg?lm=1', CAST(N'2018-08-14T00:00:00.0000000' AS DateTime2), CAST(N'2022-06-30T00:00:00.0000000' AS DateTime2), 28)
GO
INSERT [dbo].[Players] ([Id], [Name], [DateOfBirth], [PlaceOfBirth], [Age], [CountryId], [MarketValue], [Position], [TeamId], [Picture], [Joined], [ConstractExpDate], [Number]) VALUES (36, N'Bruno Martins Indi', CAST(N'1992-02-08T00:00:00.0000000' AS DateTime2), N'Barreiro', 29, 1021, 3000000, N'Centarbek', 56, N'https://img.a.transfermarkt.technology/portrait/header/112052-1629443870.jpg?lm=1', CAST(N'2021-07-05T00:00:00.0000000' AS DateTime2), CAST(N'2025-06-30T00:00:00.0000000' AS DateTime2), 4)
GO
INSERT [dbo].[Players] ([Id], [Name], [DateOfBirth], [PlaceOfBirth], [Age], [CountryId], [MarketValue], [Position], [TeamId], [Picture], [Joined], [ConstractExpDate], [Number]) VALUES (37, N'Florian Wirtz', CAST(N'2003-05-03T00:00:00.0000000' AS DateTime2), N'Pulheim', 18, 1019, 4.5E+07, N'Napadački vezni red', 46, N'https://img.a.transfermarkt.technology/portrait/header/598577-1601640348.jpg?lm=1', CAST(N'2020-07-01T00:00:00.0000000' AS DateTime2), CAST(N'2026-06-30T00:00:00.0000000' AS DateTime2), 27)
GO
INSERT [dbo].[Players] ([Id], [Name], [DateOfBirth], [PlaceOfBirth], [Age], [CountryId], [MarketValue], [Position], [TeamId], [Picture], [Joined], [ConstractExpDate], [Number]) VALUES (38, N'Edmond Tapsoba', CAST(N'1999-02-02T00:00:00.0000000' AS DateTime2), N'Ouagadougou', 22, 1019, 4E+07, N'Centarbek', 46, N'https://img.a.transfermarkt.technology/portrait/header/564545-1615892859.jpg?lm=1', CAST(N'2020-01-21T00:00:00.0000000' AS DateTime2), CAST(N'2026-06-30T00:00:00.0000000' AS DateTime2), 12)
GO
INSERT [dbo].[Players] ([Id], [Name], [DateOfBirth], [PlaceOfBirth], [Age], [CountryId], [MarketValue], [Position], [TeamId], [Picture], [Joined], [ConstractExpDate], [Number]) VALUES (39, N'Moussa Diaby', CAST(N'1999-07-17T00:00:00.0000000' AS DateTime2), N'Pariz', 22, 1018, 3.8E+07, N'Lijevo krilo', 46, N'https://img.a.transfermarkt.technology/portrait/header/395516-1615896606.jpg?lm=1', CAST(N'2019-07-01T00:00:00.0000000' AS DateTime2), CAST(N'2025-06-30T00:00:00.0000000' AS DateTime2), 19)
GO
INSERT [dbo].[Players] ([Id], [Name], [DateOfBirth], [PlaceOfBirth], [Age], [CountryId], [MarketValue], [Position], [TeamId], [Picture], [Joined], [ConstractExpDate], [Number]) VALUES (40, N'Patrik Schick', CAST(N'1996-01-24T00:00:00.0000000' AS DateTime2), N'Prag', 25, 1019, 2.8E+07, N'Centarfor', 46, N'https://img.a.transfermarkt.technology/portrait/header/242086-1615896966.jpg?lm=1', CAST(N'2020-09-08T00:00:00.0000000' AS DateTime2), CAST(N'2025-06-30T00:00:00.0000000' AS DateTime2), 14)
GO
INSERT [dbo].[Players] ([Id], [Name], [DateOfBirth], [PlaceOfBirth], [Age], [CountryId], [MarketValue], [Position], [TeamId], [Picture], [Joined], [ConstractExpDate], [Number]) VALUES (41, N'Jonathan Tah', CAST(N'1996-02-11T00:00:00.0000000' AS DateTime2), N'Hamburg', 25, 1019, 2.2E+07, N'Centarbek', 46, N'https://img.a.transfermarkt.technology/portrait/header/196357-1582110175.jpg?lm=1', CAST(N'2015-07-16T00:00:00.0000000' AS DateTime2), CAST(N'2023-06-30T00:00:00.0000000' AS DateTime2), 4)
GO
INSERT [dbo].[Players] ([Id], [Name], [DateOfBirth], [PlaceOfBirth], [Age], [CountryId], [MarketValue], [Position], [TeamId], [Picture], [Joined], [ConstractExpDate], [Number]) VALUES (42, N'Joshua Kimmich', CAST(N'1995-02-08T00:00:00.0000000' AS DateTime2), N'Rottweil', 26, 1019, 9E+07, N'Odbrambeni vezni', 43, N'https://img.a.transfermarkt.technology/portrait/header/161056-1570373037.jpg?lm=1', CAST(N'2015-07-02T00:00:00.0000000' AS DateTime2), CAST(N'2025-06-30T00:00:00.0000000' AS DateTime2), 6)
GO
INSERT [dbo].[Players] ([Id], [Name], [DateOfBirth], [PlaceOfBirth], [Age], [CountryId], [MarketValue], [Position], [TeamId], [Picture], [Joined], [ConstractExpDate], [Number]) VALUES (43, N'Leon Goretzka', CAST(N'1995-02-06T00:00:00.0000000' AS DateTime2), N'Bochum', 26, 1019, 7E+07, N'Centralni vezni', 43, N'https://img.a.transfermarkt.technology/portrait/header/153084-1540568530.jpg?lm=1', CAST(N'2018-07-01T00:00:00.0000000' AS DateTime2), CAST(N'2022-06-30T00:00:00.0000000' AS DateTime2), 8)
GO
INSERT [dbo].[Players] ([Id], [Name], [DateOfBirth], [PlaceOfBirth], [Age], [CountryId], [MarketValue], [Position], [TeamId], [Picture], [Joined], [ConstractExpDate], [Number]) VALUES (44, N'Serge Gnabry', CAST(N'1995-07-14T00:00:00.0000000' AS DateTime2), N'Stuttgart', 26, 1019, 7E+07, N'Krov', 43, N'https://img.a.transfermarkt.technology/portrait/header/159471-1570373116.jpg?lm=1', CAST(N'2017-07-01T00:00:00.0000000' AS DateTime2), CAST(N'2023-06-30T00:00:00.0000000' AS DateTime2), 7)
GO
INSERT [dbo].[Players] ([Id], [Name], [DateOfBirth], [PlaceOfBirth], [Age], [CountryId], [MarketValue], [Position], [TeamId], [Picture], [Joined], [ConstractExpDate], [Number]) VALUES (45, N'Alphonso Davies', CAST(N'2000-11-02T00:00:00.0000000' AS DateTime2), N'Buduburam', 20, 1019, 7E+07, N'Lijevi bek', 43, N'https://img.a.transfermarkt.technology/portrait/header/424204-1570372661.jpg?lm=1', CAST(N'2019-01-01T00:00:00.0000000' AS DateTime2), CAST(N'2025-06-30T00:00:00.0000000' AS DateTime2), 19)
GO
INSERT [dbo].[Players] ([Id], [Name], [DateOfBirth], [PlaceOfBirth], [Age], [CountryId], [MarketValue], [Position], [TeamId], [Picture], [Joined], [ConstractExpDate], [Number]) VALUES (46, N'Kingsley Coman', CAST(N'1996-06-12T00:00:00.0000000' AS DateTime2), N'Pariz', 25, 1018, 6.5E+07, N'Lijevo krilo', 43, N'https://img.a.transfermarkt.technology/portrait/header/243714-1540568692.jpg?lm=1', CAST(N'2017-07-01T00:00:00.0000000' AS DateTime2), CAST(N'2023-06-30T00:00:00.0000000' AS DateTime2), 11)
GO
INSERT [dbo].[Players] ([Id], [Name], [DateOfBirth], [PlaceOfBirth], [Age], [CountryId], [MarketValue], [Position], [TeamId], [Picture], [Joined], [ConstractExpDate], [Number]) VALUES (47, N'Miralem Pjanic', CAST(N'1990-04-02T00:00:00.0000000' AS DateTime2), N'Zvornik', 30, 1013, 2E+07, N'Centralni vezni', 59, N'https://img.a.transfermarkt.technology/portrait/header/44162-1567161979.png?lm=1', CAST(N'2021-09-02T00:00:00.0000000' AS DateTime2), CAST(N'2022-06-30T00:00:00.0000000' AS DateTime2), 15)
GO
INSERT [dbo].[Players] ([Id], [Name], [DateOfBirth], [PlaceOfBirth], [Age], [CountryId], [MarketValue], [Position], [TeamId], [Picture], [Joined], [ConstractExpDate], [Number]) VALUES (48, N'Rachid Ghezzal', CAST(N'1992-05-09T00:00:00.0000000' AS DateTime2), N'Decines Charpieu', 29, 1022, 1.2E+07, N'Desno krilo', 59, N'https://img.a.transfermarkt.technology/portrait/header/118287-1622211973.jpg?lm=1', CAST(N'2021-08-12T00:00:00.0000000' AS DateTime2), CAST(N'2024-06-20T00:00:00.0000000' AS DateTime2), 12)
GO
INSERT [dbo].[Players] ([Id], [Name], [DateOfBirth], [PlaceOfBirth], [Age], [CountryId], [MarketValue], [Position], [TeamId], [Picture], [Joined], [ConstractExpDate], [Number]) VALUES (49, N'Cyle Larin', CAST(N'1995-04-17T00:00:00.0000000' AS DateTime2), N'Ontario', 25, 1022, 1.1E+07, N'Lijevo krilo', 59, N'https://img.a.transfermarkt.technology/portrait/header/343463-1622212151.jpg?lm=1', CAST(N'2018-01-15T00:00:00.0000000' AS DateTime2), CAST(N'2022-06-30T00:00:00.0000000' AS DateTime2), 17)
GO
INSERT [dbo].[Players] ([Id], [Name], [DateOfBirth], [PlaceOfBirth], [Age], [CountryId], [MarketValue], [Position], [TeamId], [Picture], [Joined], [ConstractExpDate], [Number]) VALUES (50, N'Michy Batshuayi', CAST(N'1993-10-02T00:00:00.0000000' AS DateTime2), N'Brussel', 28, 1022, 1E+07, N'Centarfor', 59, N'https://img.a.transfermarkt.technology/portrait/header/179184-1629293103.jpg?lm=1', CAST(N'2021-08-18T00:00:00.0000000' AS DateTime2), CAST(N'2022-06-30T00:00:00.0000000' AS DateTime2), 9)
GO
INSERT [dbo].[Players] ([Id], [Name], [DateOfBirth], [PlaceOfBirth], [Age], [CountryId], [MarketValue], [Position], [TeamId], [Picture], [Joined], [ConstractExpDate], [Number]) VALUES (51, N'Valentin Rosier', CAST(N'1996-08-19T00:00:00.0000000' AS DateTime2), N'Montauban', 25, 1018, 7500000, N'Desni bek', 59, N'https://img.a.transfermarkt.technology/portrait/header/441170-1627664474.jpg?lm=1', CAST(N'2021-07-02T00:00:00.0000000' AS DateTime2), CAST(N'2022-06-30T00:00:00.0000000' AS DateTime2), 2)
GO
INSERT [dbo].[Players] ([Id], [Name], [DateOfBirth], [PlaceOfBirth], [Age], [CountryId], [MarketValue], [Position], [TeamId], [Picture], [Joined], [ConstractExpDate], [Number]) VALUES (52, N'Erling Haaland', CAST(N'2000-07-21T00:00:00.0000000' AS DateTime2), N'Leeds', 21, 2026, 1.3E+08, N'Centralni vezni', 44, N'https://img.a.transfermarkt.technology/portrait/header/418560-1607454139.jpg?lm=1', CAST(N'2020-01-01T00:00:00.0000000' AS DateTime2), CAST(N'2024-06-30T00:00:00.0000000' AS DateTime2), 9)
GO
INSERT [dbo].[Players] ([Id], [Name], [DateOfBirth], [PlaceOfBirth], [Age], [CountryId], [MarketValue], [Position], [TeamId], [Picture], [Joined], [ConstractExpDate], [Number]) VALUES (53, N'Jude Bellingham', CAST(N'2003-06-29T00:00:00.0000000' AS DateTime2), N'Stourbridge', 18, 1017, 5.5E+07, N'Centralni vezni', 44, N'https://img.a.transfermarkt.technology/portrait/header/581678-1603353524.jpg?lm=1', CAST(N'2020-07-23T00:00:00.0000000' AS DateTime2), CAST(N'2025-06-30T00:00:00.0000000' AS DateTime2), 22)
GO
INSERT [dbo].[Players] ([Id], [Name], [DateOfBirth], [PlaceOfBirth], [Age], [CountryId], [MarketValue], [Position], [TeamId], [Picture], [Joined], [ConstractExpDate], [Number]) VALUES (54, N'Raphael Guerreiro', CAST(N'1993-12-22T00:00:00.0000000' AS DateTime2), N'Le Blanc Mesnil', 27, 1018, 4E+07, N'Lijevi bek', 44, N'https://img.a.transfermarkt.technology/portrait/header/170986-1534235943.jpg?lm=1', CAST(N'2016-07-01T00:00:00.0000000' AS DateTime2), CAST(N'2023-06-30T00:00:00.0000000' AS DateTime2), 13)
GO
INSERT [dbo].[Players] ([Id], [Name], [DateOfBirth], [PlaceOfBirth], [Age], [CountryId], [MarketValue], [Position], [TeamId], [Picture], [Joined], [ConstractExpDate], [Number]) VALUES (55, N'Giovanni Reyna', CAST(N'2002-11-18T00:00:00.0000000' AS DateTime2), N'Durham', 18, 1019, 3.8E+07, N'Napadački vezni red', 44, N'https://img.a.transfermarkt.technology/portrait/header/504215-1582125211.jpg?lm=1', CAST(N'2020-01-12T00:00:00.0000000' AS DateTime2), CAST(N'2025-06-30T00:00:00.0000000' AS DateTime2), 7)
GO
INSERT [dbo].[Players] ([Id], [Name], [DateOfBirth], [PlaceOfBirth], [Age], [CountryId], [MarketValue], [Position], [TeamId], [Picture], [Joined], [ConstractExpDate], [Number]) VALUES (56, N'Manuel Akanji', CAST(N'1995-07-19T00:00:00.0000000' AS DateTime2), N'Wiesendangen', 26, 1019, 3E+07, N'Centarbek', 44, N'https://img.a.transfermarkt.technology/portrait/header/284730-1615389562.jpg?lm=1', CAST(N'2018-01-15T00:00:00.0000000' AS DateTime2), CAST(N'2023-06-30T00:00:00.0000000' AS DateTime2), 16)
GO
INSERT [dbo].[Players] ([Id], [Name], [DateOfBirth], [PlaceOfBirth], [Age], [CountryId], [MarketValue], [Position], [TeamId], [Picture], [Joined], [ConstractExpDate], [Number]) VALUES (57, N'Florian Neuhaus', CAST(N'1997-03-16T00:00:00.0000000' AS DateTime2), N'Landsberg am Lech', 24, 1019, 3.5E+07, N'Centralni vezni', 47, N'https://img.a.transfermarkt.technology/portrait/header/278332-1533288929.jpg?lm=1', CAST(N'2017-07-01T00:00:00.0000000' AS DateTime2), CAST(N'2024-06-30T00:00:00.0000000' AS DateTime2), 32)
GO
INSERT [dbo].[Players] ([Id], [Name], [DateOfBirth], [PlaceOfBirth], [Age], [CountryId], [MarketValue], [Position], [TeamId], [Picture], [Joined], [ConstractExpDate], [Number]) VALUES (58, N'Marcus Thuram', CAST(N'1997-08-06T00:00:00.0000000' AS DateTime2), N'Parma', 24, 1018, 3.5E+07, N'Lijevo krilo', 47, N'https://img.a.transfermarkt.technology/portrait/header/318528-1624028332.jpg?lm=1', CAST(N'2019-07-22T00:00:00.0000000' AS DateTime2), CAST(N'2023-06-30T00:00:00.0000000' AS DateTime2), 10)
GO
INSERT [dbo].[Players] ([Id], [Name], [DateOfBirth], [PlaceOfBirth], [Age], [CountryId], [MarketValue], [Position], [TeamId], [Picture], [Joined], [ConstractExpDate], [Number]) VALUES (59, N'Matthias Ginter', CAST(N'1994-01-19T00:00:00.0000000' AS DateTime2), N'Freiburg im Breisgau', 27, 1019, 3E+07, N'Centarbek', 47, N'https://img.a.transfermarkt.technology/portrait/header/124502-1627996998.jpg?lm=1', CAST(N'2017-07-04T00:00:00.0000000' AS DateTime2), CAST(N'2022-06-30T00:00:00.0000000' AS DateTime2), 28)
GO
INSERT [dbo].[Players] ([Id], [Name], [DateOfBirth], [PlaceOfBirth], [Age], [CountryId], [MarketValue], [Position], [TeamId], [Picture], [Joined], [ConstractExpDate], [Number]) VALUES (60, N'Denis Zakaria', CAST(N'1996-11-20T00:00:00.0000000' AS DateTime2), N'Genf', 24, 1019, 3E+07, N'Odbrambeni vezni', 47, N'https://img.a.transfermarkt.technology/portrait/header/334526-1533289540.jpg?lm=1', CAST(N'2017-07-01T00:00:00.0000000' AS DateTime2), CAST(N'2022-06-30T00:00:00.0000000' AS DateTime2), 8)
GO
INSERT [dbo].[Players] ([Id], [Name], [DateOfBirth], [PlaceOfBirth], [Age], [CountryId], [MarketValue], [Position], [TeamId], [Picture], [Joined], [ConstractExpDate], [Number]) VALUES (63, N'Andrej Djokanovic', CAST(N'2001-03-01T00:00:00.0000000' AS DateTime2), N'Kasindo', 20, 1013, 1500000, N'Odbrambeni vezni', 13, N'https://img.a.transfermarkt.technology/portrait/header/483008-1630994382.jpg?lm=1', CAST(N'2019-07-01T00:00:00.0000000' AS DateTime2), CAST(N'2024-06-30T00:00:00.0000000' AS DateTime2), 8)
GO
INSERT [dbo].[Players] ([Id], [Name], [DateOfBirth], [PlaceOfBirth], [Age], [CountryId], [MarketValue], [Position], [TeamId], [Picture], [Joined], [ConstractExpDate], [Number]) VALUES (64, N'Matthias Fanimo', CAST(N'1994-01-28T00:00:00.0000000' AS DateTime2), N'London', 27, 1017, 700000, N'Desno krilo', 13, N'https://img.a.transfermarkt.technology/portrait/header/134416-1630994489.jpg?lm=1', CAST(N'2020-07-24T00:00:00.0000000' AS DateTime2), CAST(N'2023-06-30T00:00:00.0000000' AS DateTime2), 38)
GO
INSERT [dbo].[Players] ([Id], [Name], [DateOfBirth], [PlaceOfBirth], [Age], [CountryId], [MarketValue], [Position], [TeamId], [Picture], [Joined], [ConstractExpDate], [Number]) VALUES (65, N'Rifet Kapic', CAST(N'1995-07-03T00:00:00.0000000' AS DateTime2), N'Cazin', 27, 1013, 450000, N'Centralni vezni', 13, N'https://img.a.transfermarkt.technology/portrait/header/251676-1606070168.png?lm=1', CAST(N'2021-08-31T00:00:00.0000000' AS DateTime2), CAST(N'2023-05-31T00:00:00.0000000' AS DateTime2), 15)
GO
INSERT [dbo].[Players] ([Id], [Name], [DateOfBirth], [PlaceOfBirth], [Age], [CountryId], [MarketValue], [Position], [TeamId], [Picture], [Joined], [ConstractExpDate], [Number]) VALUES (66, N'Amer Dupovac', CAST(N'1991-05-29T00:00:00.0000000' AS DateTime2), N'Sarajevo', 30, 1013, 300000, N'Centarbek', 13, N'https://img.a.transfermarkt.technology/portrait/header/124214-1630994483.jpg?lm=1', CAST(N'2018-07-01T00:00:00.0000000' AS DateTime2), CAST(N'2024-08-30T00:00:00.0000000' AS DateTime2), 29)
GO
INSERT [dbo].[Players] ([Id], [Name], [DateOfBirth], [PlaceOfBirth], [Age], [CountryId], [MarketValue], [Position], [TeamId], [Picture], [Joined], [ConstractExpDate], [Number]) VALUES (67, N'Selmir Pidro', CAST(N'1998-03-03T00:00:00.0000000' AS DateTime2), N'Bugojno', 23, 1013, 300000, N'Lijevi bek', 13, N'https://img.a.transfermarkt.technology/portrait/header/372848-1614704531.jpg?lm=1', CAST(N'2017-07-01T00:00:00.0000000' AS DateTime2), CAST(N'2024-06-30T00:00:00.0000000' AS DateTime2), 3)
GO
INSERT [dbo].[Players] ([Id], [Name], [DateOfBirth], [PlaceOfBirth], [Age], [CountryId], [MarketValue], [Position], [TeamId], [Picture], [Joined], [ConstractExpDate], [Number]) VALUES (68, N'Amar Beganovic', CAST(N'1999-11-25T00:00:00.0000000' AS DateTime2), N'Tuzla', 21, 1013, 300000, N'Desni bek', 17, N'https://img.a.transfermarkt.technology/portrait/header/376098-1544557339.png?lm=1', CAST(N'2017-07-01T00:00:00.0000000' AS DateTime2), CAST(N'2022-06-30T00:00:00.0000000' AS DateTime2), 7)
GO
INSERT [dbo].[Players] ([Id], [Name], [DateOfBirth], [PlaceOfBirth], [Age], [CountryId], [MarketValue], [Position], [TeamId], [Picture], [Joined], [ConstractExpDate], [Number]) VALUES (69, N'Sasa Maksimovic', CAST(N'1999-12-18T00:00:00.0000000' AS DateTime2), N'Brcko', 21, 1013, 300000, N'Napadački vezni red', 17, N'https://img.a.transfermarkt.technology/portrait/header/457307-1596374046.jpg?lm=1', CAST(N'2018-07-01T00:00:00.0000000' AS DateTime2), CAST(N'2022-06-30T00:00:00.0000000' AS DateTime2), 18)
GO
INSERT [dbo].[Players] ([Id], [Name], [DateOfBirth], [PlaceOfBirth], [Age], [CountryId], [MarketValue], [Position], [TeamId], [Picture], [Joined], [ConstractExpDate], [Number]) VALUES (70, N'Dzenis Beganovic', CAST(N'1996-03-23T00:00:00.0000000' AS DateTime2), N'Sarajevo', 26, 1013, 250000, N'Centralni vezni', 17, N'https://img.a.transfermarkt.technology/portrait/header/328121-1460616210.jpg?lm=1', CAST(N'2020-08-30T00:00:00.0000000' AS DateTime2), CAST(N'2022-06-30T00:00:00.0000000' AS DateTime2), 10)
GO
INSERT [dbo].[Players] ([Id], [Name], [DateOfBirth], [PlaceOfBirth], [Age], [CountryId], [MarketValue], [Position], [TeamId], [Picture], [Joined], [ConstractExpDate], [Number]) VALUES (71, N'Jasmin Osmic', CAST(N'2001-07-13T00:00:00.0000000' AS DateTime2), N'Tuzla', 20, 1013, 250000, N'Lijevi bek', 17, N'https://img.a.transfermarkt.technology/portrait/header/default.jpg?lm=1', CAST(N'2020-07-01T00:00:00.0000000' AS DateTime2), CAST(N'2023-05-31T00:00:00.0000000' AS DateTime2), 21)
GO
INSERT [dbo].[Players] ([Id], [Name], [DateOfBirth], [PlaceOfBirth], [Age], [CountryId], [MarketValue], [Position], [TeamId], [Picture], [Joined], [ConstractExpDate], [Number]) VALUES (72, N'Abid Mujagic', CAST(N'1993-08-05T00:00:00.0000000' AS DateTime2), N'Gorazde', 28, 1013, 200000, N'Lijevo krilo', 17, N'https://img.a.transfermarkt.technology/portrait/header/s_144890_814_2010_1.jpg?lm=1', CAST(N'2019-07-11T00:00:00.0000000' AS DateTime2), CAST(N'2022-05-31T00:00:00.0000000' AS DateTime2), 93)
GO
INSERT [dbo].[Players] ([Id], [Name], [DateOfBirth], [PlaceOfBirth], [Age], [CountryId], [MarketValue], [Position], [TeamId], [Picture], [Joined], [ConstractExpDate], [Number]) VALUES (73, N'Samir Radovac', CAST(N'1996-01-25T00:00:00.0000000' AS DateTime2), N'Sarajevo', 25, 1013, 500000, N'Centralni vezni', 15, N'https://img.a.transfermarkt.technology/portrait/header/247217-1587494403.jpg?lm=1', CAST(N'2020-01-20T00:00:00.0000000' AS DateTime2), CAST(N'2023-06-30T00:00:00.0000000' AS DateTime2), 88)
GO
INSERT [dbo].[Players] ([Id], [Name], [DateOfBirth], [PlaceOfBirth], [Age], [CountryId], [MarketValue], [Position], [TeamId], [Picture], [Joined], [ConstractExpDate], [Number]) VALUES (74, N'Obren Cvijanovic', CAST(N'1994-08-30T00:00:00.0000000' AS DateTime2), N'Banja Luka', 27, 1013, 500000, N'Desno krilo', 15, N'https://img.a.transfermarkt.technology/portrait/header/448951-1587494673.jpg?lm=1', CAST(N'2018-07-01T00:00:00.0000000' AS DateTime2), CAST(N'2023-06-01T00:00:00.0000000' AS DateTime2), 9)
GO
INSERT [dbo].[Players] ([Id], [Name], [DateOfBirth], [PlaceOfBirth], [Age], [CountryId], [MarketValue], [Position], [TeamId], [Picture], [Joined], [ConstractExpDate], [Number]) VALUES (75, N'Samir Zeljkovic', CAST(N'1997-09-04T00:00:00.0000000' AS DateTime2), N'Sarajevo', 24, 1013, 450000, N'Centarbek', 15, N'https://img.a.transfermarkt.technology/portrait/header/431796-1587494437.jpg?lm=1', CAST(N'2018-07-19T00:00:00.0000000' AS DateTime2), CAST(N'2022-06-01T00:00:00.0000000' AS DateTime2), 6)
GO
INSERT [dbo].[Players] ([Id], [Name], [DateOfBirth], [PlaceOfBirth], [Age], [CountryId], [MarketValue], [Position], [TeamId], [Picture], [Joined], [ConstractExpDate], [Number]) VALUES (76, N'Nemanja Andusic', CAST(N'1996-11-17T00:00:00.0000000' AS DateTime2), N'Trebinje', 25, 1013, 400000, N'Lijevo krilo', 15, N'https://img.a.transfermarkt.technology/portrait/header/261550-1602706703.jpg?lm=1', CAST(N'2020-09-20T00:00:00.0000000' AS DateTime2), CAST(N'2022-06-30T00:00:00.0000000' AS DateTime2), 9)
GO
INSERT [dbo].[Players] ([Id], [Name], [DateOfBirth], [PlaceOfBirth], [Age], [CountryId], [MarketValue], [Position], [TeamId], [Picture], [Joined], [ConstractExpDate], [Number]) VALUES (77, N'Mehmed Cosic', CAST(N'1997-07-25T00:00:00.0000000' AS DateTime2), N'Tuzla', 24, 1013, 400000, N'Desni bek', 15, N'https://img.a.transfermarkt.technology/portrait/header/435325-1587493320.jpg?lm=1', CAST(N'2017-01-23T00:00:00.0000000' AS DateTime2), CAST(N'2023-06-01T00:00:00.0000000' AS DateTime2), 8)
GO
INSERT [dbo].[Players] ([Id], [Name], [DateOfBirth], [PlaceOfBirth], [Age], [CountryId], [MarketValue], [Position], [TeamId], [Picture], [Joined], [ConstractExpDate], [Number]) VALUES (78, N'Petar Bojo', CAST(N'1998-01-20T00:00:00.0000000' AS DateTime2), N'Kiseljak', 23, 1013, 30000, N'Napadački vezni red', 14, N'https://img.a.transfermarkt.technology/portrait/header/366001-1616335222.jpg?lm=1', CAST(N'2019-07-01T00:00:00.0000000' AS DateTime2), CAST(N'2022-05-31T00:00:00.0000000' AS DateTime2), 22)
GO
INSERT [dbo].[Players] ([Id], [Name], [DateOfBirth], [PlaceOfBirth], [Age], [CountryId], [MarketValue], [Position], [TeamId], [Picture], [Joined], [ConstractExpDate], [Number]) VALUES (79, N'Mustafa Mujezinovic', CAST(N'1993-05-06T00:00:00.0000000' AS DateTime2), N'Weilburg', 28, 1013, 250000, N'Centralni vezni', 14, N'https://img.a.transfermarkt.technology/portrait/header/215822-1616335205.jpg?lm=1', CAST(N'2019-02-15T00:00:00.0000000' AS DateTime2), CAST(N'2022-05-31T00:00:00.0000000' AS DateTime2), 8)
GO
INSERT [dbo].[Players] ([Id], [Name], [DateOfBirth], [PlaceOfBirth], [Age], [CountryId], [MarketValue], [Position], [TeamId], [Picture], [Joined], [ConstractExpDate], [Number]) VALUES (80, N'Luka Juricic', CAST(N'1996-11-25T00:00:00.0000000' AS DateTime2), N'Sarajevo', 24, 1013, 250000, N'Centralni vezni', 14, N'https://img.a.transfermarkt.technology/portrait/header/350759-1616335730.jpg?lm=1', CAST(N'2020-07-21T00:00:00.0000000' AS DateTime2), CAST(N'2022-05-31T00:00:00.0000000' AS DateTime2), 9)
GO
INSERT [dbo].[Players] ([Id], [Name], [DateOfBirth], [PlaceOfBirth], [Age], [CountryId], [MarketValue], [Position], [TeamId], [Picture], [Joined], [ConstractExpDate], [Number]) VALUES (81, N'Ante Blazevic', CAST(N'1996-05-05T00:00:00.0000000' AS DateTime2), N'Split', 25, 1014, 200000, N'Desni bek', 14, N'https://img.a.transfermarkt.technology/portrait/header/292665-1616334828.jpg?lm=1', CAST(N'2020-07-20T00:00:00.0000000' AS DateTime2), CAST(N'2022-05-31T00:00:00.0000000' AS DateTime2), 21)
GO
INSERT [dbo].[Players] ([Id], [Name], [DateOfBirth], [PlaceOfBirth], [Age], [CountryId], [MarketValue], [Position], [TeamId], [Picture], [Joined], [ConstractExpDate], [Number]) VALUES (82, N'Sedad Subasic', CAST(N'2001-02-16T00:00:00.0000000' AS DateTime2), N'Zenica', 20, 1013, 200000, N'Napadački vezni red', 14, N'https://img.a.transfermarkt.technology/portrait/header/549488-1616335578.jpg?lm=1', CAST(N'2020-07-01T00:00:00.0000000' AS DateTime2), CAST(N'2024-05-31T00:00:00.0000000' AS DateTime2), 7)
GO
INSERT [dbo].[Players] ([Id], [Name], [DateOfBirth], [PlaceOfBirth], [Age], [CountryId], [MarketValue], [Position], [TeamId], [Picture], [Joined], [ConstractExpDate], [Number]) VALUES (83, N'Nemanja Bilbija', CAST(N'1990-11-02T00:00:00.0000000' AS DateTime2), N'Banja Luka', 30, 1013, 450000, N'Drugi napadac', 16, N'https://img.a.transfermarkt.technology/portrait/header/109212-1587821499.jpg?lm=1', CAST(N'2020-01-23T00:00:00.0000000' AS DateTime2), CAST(N'2023-05-31T00:00:00.0000000' AS DateTime2), 99)
GO
INSERT [dbo].[Players] ([Id], [Name], [DateOfBirth], [PlaceOfBirth], [Age], [CountryId], [MarketValue], [Position], [TeamId], [Picture], [Joined], [ConstractExpDate], [Number]) VALUES (84, N'Josip Corluka', CAST(N'1995-03-03T00:00:00.0000000' AS DateTime2), N'Grude', 26, 1013, 400000, N'Desni bek', 16, N'https://img.a.transfermarkt.technology/portrait/header/215644-1587820788.jpg?lm=1', CAST(N'2020-01-31T00:00:00.0000000' AS DateTime2), CAST(N'2022-05-31T00:00:00.0000000' AS DateTime2), 6)
GO
INSERT [dbo].[Players] ([Id], [Name], [DateOfBirth], [PlaceOfBirth], [Age], [CountryId], [MarketValue], [Position], [TeamId], [Picture], [Joined], [ConstractExpDate], [Number]) VALUES (85, N'Kerim Memija', CAST(N'1996-01-06T00:00:00.0000000' AS DateTime2), N'Sarajevo', 25, 1013, 300000, N'Desni bek', 16, N'https://img.a.transfermarkt.technology/portrait/header/307098-1553638740.jpg?lm=1', CAST(N'2021-08-26T00:00:00.0000000' AS DateTime2), CAST(N'2023-05-31T00:00:00.0000000' AS DateTime2), 55)
GO
INSERT [dbo].[Players] ([Id], [Name], [DateOfBirth], [PlaceOfBirth], [Age], [CountryId], [MarketValue], [Position], [TeamId], [Picture], [Joined], [ConstractExpDate], [Number]) VALUES (86, N'Anes Masic', CAST(N'2000-02-08T00:00:00.0000000' AS DateTime2), N'Bugojno', 21, 1013, 300000, N'Centarfor', 16, N'https://img.a.transfermarkt.technology/portrait/header/587761-1603481483.jpg?lm=1', CAST(N'2018-06-21T00:00:00.0000000' AS DateTime2), CAST(N'2023-05-31T00:00:00.0000000' AS DateTime2), 18)
GO
INSERT [dbo].[Players] ([Id], [Name], [DateOfBirth], [PlaceOfBirth], [Age], [CountryId], [MarketValue], [Position], [TeamId], [Picture], [Joined], [ConstractExpDate], [Number]) VALUES (87, N'Marin Magdic', CAST(N'1999-04-13T00:00:00.0000000' AS DateTime2), N'Osijek', 22, 1014, 300000, N'Centarbek', 16, N'https://img.a.transfermarkt.technology/portrait/header/661503-1602872311.jpg?lm=1', CAST(N'2021-02-05T00:00:00.0000000' AS DateTime2), CAST(N'2023-05-31T00:00:00.0000000' AS DateTime2), 70)
GO
INSERT [dbo].[Players] ([Id], [Name], [DateOfBirth], [PlaceOfBirth], [Age], [CountryId], [MarketValue], [Position], [TeamId], [Picture], [Joined], [ConstractExpDate], [Number]) VALUES (88, N'Romelu Lukaku', CAST(N'1993-05-13T00:00:00.0000000' AS DateTime2), N'Antwerpen', 28, 1019, 1E+08, N'Centarfor', 34, N'https://img.a.transfermarkt.technology/portrait/header/96341-1596033546.jpg?lm=1', CAST(N'2021-08-12T00:00:00.0000000' AS DateTime2), CAST(N'2026-06-30T00:00:00.0000000' AS DateTime2), 9)
GO
INSERT [dbo].[Players] ([Id], [Name], [DateOfBirth], [PlaceOfBirth], [Age], [CountryId], [MarketValue], [Position], [TeamId], [Picture], [Joined], [ConstractExpDate], [Number]) VALUES (89, N'Mason Mount', CAST(N'1999-01-10T00:00:00.0000000' AS DateTime2), N'Portsmouth', 22, 1017, 7.5E+07, N'Napadački vezni red', 34, N'https://img.a.transfermarkt.technology/portrait/header/346483-1563203695.jpg?lm=1', CAST(N'2019-07-01T00:00:00.0000000' AS DateTime2), CAST(N'2024-06-30T00:00:00.0000000' AS DateTime2), 19)
GO
INSERT [dbo].[Players] ([Id], [Name], [DateOfBirth], [PlaceOfBirth], [Age], [CountryId], [MarketValue], [Position], [TeamId], [Picture], [Joined], [ConstractExpDate], [Number]) VALUES (90, N'Kai Havertz', CAST(N'1999-06-11T00:00:00.0000000' AS DateTime2), N'Aachen', 22, 1019, 7E+07, N'Napadački vezni red', 34, N'https://img.a.transfermarkt.technology/portrait/header/309400-1620646226.jpg?lm=1', CAST(N'2020-09-04T00:00:00.0000000' AS DateTime2), CAST(N'2025-06-30T00:00:00.0000000' AS DateTime2), 29)
GO
INSERT [dbo].[Players] ([Id], [Name], [DateOfBirth], [PlaceOfBirth], [Age], [CountryId], [MarketValue], [Position], [TeamId], [Picture], [Joined], [ConstractExpDate], [Number]) VALUES (91, N'Timo Werner', CAST(N'1996-03-06T00:00:00.0000000' AS DateTime2), N'Stuttgart', 26, 1019, 6.5E+07, N'Centarfor', 34, N'https://img.a.transfermarkt.technology/portrait/header/170527-1471002206.jpg?lm=1', CAST(N'2020-07-01T00:00:00.0000000' AS DateTime2), CAST(N'2025-06-30T00:00:00.0000000' AS DateTime2), 11)
GO
INSERT [dbo].[Players] ([Id], [Name], [DateOfBirth], [PlaceOfBirth], [Age], [CountryId], [MarketValue], [Position], [TeamId], [Picture], [Joined], [ConstractExpDate], [Number]) VALUES (92, N'N Golo Kante', CAST(N'1991-03-28T00:00:00.0000000' AS DateTime2), N'Pariz', 30, 1018, 5.5E+07, N'Odbrambeni vezni', 34, N'https://img.a.transfermarkt.technology/portrait/header/225083-1598302373.jpg?lm=1', CAST(N'2016-07-16T00:00:00.0000000' AS DateTime2), CAST(N'2023-06-30T00:00:00.0000000' AS DateTime2), 7)
GO
INSERT [dbo].[Players] ([Id], [Name], [DateOfBirth], [PlaceOfBirth], [Age], [CountryId], [MarketValue], [Position], [TeamId], [Picture], [Joined], [ConstractExpDate], [Number]) VALUES (93, N'Mohamed Salah', CAST(N'1992-06-15T00:00:00.0000000' AS DateTime2), N'Nagryg', 29, 1017, 1E+08, N'Desno krilo', 36, N'https://img.a.transfermarkt.technology/portrait/header/148455-1546611604.jpg?lm=1', CAST(N'2017-07-01T00:00:00.0000000' AS DateTime2), CAST(N'2023-06-30T00:00:00.0000000' AS DateTime2), 11)
GO
INSERT [dbo].[Players] ([Id], [Name], [DateOfBirth], [PlaceOfBirth], [Age], [CountryId], [MarketValue], [Position], [TeamId], [Picture], [Joined], [ConstractExpDate], [Number]) VALUES (94, N'Sadio Mane', CAST(N'1992-04-10T00:00:00.0000000' AS DateTime2), N'Sedhio', 29, 1017, 8.5E+07, N'Lijevo krilo', 36, N'https://img.a.transfermarkt.technology/portrait/header/200512-1559901727.jpg?lm=1', CAST(N'2016-07-01T00:00:00.0000000' AS DateTime2), CAST(N'2023-06-30T00:00:00.0000000' AS DateTime2), 10)
GO
INSERT [dbo].[Players] ([Id], [Name], [DateOfBirth], [PlaceOfBirth], [Age], [CountryId], [MarketValue], [Position], [TeamId], [Picture], [Joined], [ConstractExpDate], [Number]) VALUES (95, N'Trent Alexander Arnold', CAST(N'1998-10-07T00:00:00.0000000' AS DateTime2), N'Liverpool', 22, 1017, 7.5E+07, N'Lijevi bek', 36, N'https://img.a.transfermarkt.technology/portrait/header/314353-1559826986.jpg?lm=1', CAST(N'2016-07-01T00:00:00.0000000' AS DateTime2), CAST(N'2025-06-30T00:00:00.0000000' AS DateTime2), 66)
GO
INSERT [dbo].[Players] ([Id], [Name], [DateOfBirth], [PlaceOfBirth], [Age], [CountryId], [MarketValue], [Position], [TeamId], [Picture], [Joined], [ConstractExpDate], [Number]) VALUES (96, N'Andrew Robertson', CAST(N'1994-03-11T00:00:00.0000000' AS DateTime2), N'Glasgov', 27, 1017, 6.5E+07, N'Lijevi bek', 36, N'https://img.a.transfermarkt.technology/portrait/header/234803-1559827085.jpg?lm=1', CAST(N'2017-07-21T00:00:00.0000000' AS DateTime2), CAST(N'2026-06-30T00:00:00.0000000' AS DateTime2), 26)
GO
INSERT [dbo].[Players] ([Id], [Name], [DateOfBirth], [PlaceOfBirth], [Age], [CountryId], [MarketValue], [Position], [TeamId], [Picture], [Joined], [ConstractExpDate], [Number]) VALUES (97, N'Alisson', CAST(N'1992-10-02T00:00:00.0000000' AS DateTime2), N'Novo Hamburgo', 27, 1017, 6E+07, N'Golman', 36, N'https://img.a.transfermarkt.technology/portrait/header/105470-1595945929.jpg?lm=1', CAST(N'2018-07-19T00:00:00.0000000' AS DateTime2), CAST(N'2027-06-30T00:00:00.0000000' AS DateTime2), 1)
GO
INSERT [dbo].[Players] ([Id], [Name], [DateOfBirth], [PlaceOfBirth], [Age], [CountryId], [MarketValue], [Position], [TeamId], [Picture], [Joined], [ConstractExpDate], [Number]) VALUES (98, N'Kevin De Bruyne', CAST(N'1991-06-28T00:00:00.0000000' AS DateTime2), N'Drongen', 30, 1019, 1E+08, N'Napadački vezni red', 33, N'https://img.a.transfermarkt.technology/portrait/header/88755-1626449012.jpg?lm=1', CAST(N'2015-08-30T00:00:00.0000000' AS DateTime2), CAST(N'2025-06-30T00:00:00.0000000' AS DateTime2), 17)
GO
INSERT [dbo].[Players] ([Id], [Name], [DateOfBirth], [PlaceOfBirth], [Age], [CountryId], [MarketValue], [Position], [TeamId], [Picture], [Joined], [ConstractExpDate], [Number]) VALUES (99, N'Raheem Sterling', CAST(N'1994-12-08T00:00:00.0000000' AS DateTime2), N'Kingston', 28, 1017, 9E+07, N'Lijevo krilo', 33, N'https://img.a.transfermarkt.technology/portrait/header/134425-1577051521.jpg?lm=1', CAST(N'2015-07-14T00:00:00.0000000' AS DateTime2), CAST(N'2023-06-30T00:00:00.0000000' AS DateTime2), 7)
GO
INSERT [dbo].[Players] ([Id], [Name], [DateOfBirth], [PlaceOfBirth], [Age], [CountryId], [MarketValue], [Position], [TeamId], [Picture], [Joined], [ConstractExpDate], [Number]) VALUES (100, N'Phil Foden', CAST(N'2000-05-28T00:00:00.0000000' AS DateTime2), N'Stockport', 21, 1017, 8E+07, N'Lijevo krilo', 33, N'https://img.a.transfermarkt.technology/portrait/header/406635-1594986905.jpg?lm=1', CAST(N'2017-07-01T00:00:00.0000000' AS DateTime2), CAST(N'2024-06-30T00:00:00.0000000' AS DateTime2), 47)
GO
INSERT [dbo].[Players] ([Id], [Name], [DateOfBirth], [PlaceOfBirth], [Age], [CountryId], [MarketValue], [Position], [TeamId], [Picture], [Joined], [ConstractExpDate], [Number]) VALUES (101, N'Ruben Dias', CAST(N'1997-05-14T00:00:00.0000000' AS DateTime2), N'Amadora', 24, 1016, 7.5E+07, N'Centarbek', 33, N'https://img.a.transfermarkt.technology/portrait/header/258004-1572340728.jpg?lm=1', CAST(N'2020-09-29T00:00:00.0000000' AS DateTime2), CAST(N'2027-06-30T00:00:00.0000000' AS DateTime2), 3)
GO
INSERT [dbo].[Players] ([Id], [Name], [DateOfBirth], [PlaceOfBirth], [Age], [CountryId], [MarketValue], [Position], [TeamId], [Picture], [Joined], [ConstractExpDate], [Number]) VALUES (102, N'Bernando Silva', CAST(N'1994-08-10T00:00:00.0000000' AS DateTime2), N'Lisabon', 27, 1017, 7E+07, N'Napadački vezni red', 33, N'https://img.a.transfermarkt.technology/portrait/header/241641-1520189140.jpg?lm=1', CAST(N'2017-07-01T00:00:00.0000000' AS DateTime2), CAST(N'2025-06-30T00:00:00.0000000' AS DateTime2), 20)
GO
INSERT [dbo].[Players] ([Id], [Name], [DateOfBirth], [PlaceOfBirth], [Age], [CountryId], [MarketValue], [Position], [TeamId], [Picture], [Joined], [ConstractExpDate], [Number]) VALUES (103, N'Jadon Sancho', CAST(N'2000-03-25T00:00:00.0000000' AS DateTime2), N'London', 21, 1017, 1E+08, N'Desno krilo', 35, N'https://img.a.transfermarkt.technology/portrait/header/401173-1623778009.jpg?lm=1', CAST(N'2021-07-23T00:00:00.0000000' AS DateTime2), CAST(N'2026-06-30T00:00:00.0000000' AS DateTime2), 25)
GO
INSERT [dbo].[Players] ([Id], [Name], [DateOfBirth], [PlaceOfBirth], [Age], [CountryId], [MarketValue], [Position], [TeamId], [Picture], [Joined], [ConstractExpDate], [Number]) VALUES (104, N'Bruno Fernandes', CAST(N'1994-09-08T00:00:00.0000000' AS DateTime2), N'Maia', 27, 1016, 9E+07, N'Napadački vezni red', 35, N'https://img.a.transfermarkt.technology/portrait/header/240306-1580389882.jpg?lm=1', CAST(N'2020-01-29T00:00:00.0000000' AS DateTime2), CAST(N'2025-06-30T00:00:00.0000000' AS DateTime2), 18)
GO
INSERT [dbo].[Players] ([Id], [Name], [DateOfBirth], [PlaceOfBirth], [Age], [CountryId], [MarketValue], [Position], [TeamId], [Picture], [Joined], [ConstractExpDate], [Number]) VALUES (105, N'Marchus Rashford', CAST(N'1997-10-31T00:00:00.0000000' AS DateTime2), N'Manchester', 23, 1017, 8.5E+07, N'Lijevo krilo', 35, N'https://img.a.transfermarkt.technology/portrait/header/258923-1565603308.png?lm=1', CAST(N'2016-01-01T00:00:00.0000000' AS DateTime2), CAST(N'2023-06-30T00:00:00.0000000' AS DateTime2), 10)
GO
INSERT [dbo].[Players] ([Id], [Name], [DateOfBirth], [PlaceOfBirth], [Age], [CountryId], [MarketValue], [Position], [TeamId], [Picture], [Joined], [ConstractExpDate], [Number]) VALUES (106, N'Raphael Varane', CAST(N'1993-04-25T00:00:00.0000000' AS DateTime2), N'Lille', 28, 1018, 7E+07, N'Centarbek', 35, N'https://img.a.transfermarkt.technology/portrait/header/164770-1598301905.jpg?lm=1', CAST(N'2021-08-14T00:00:00.0000000' AS DateTime2), CAST(N'2025-06-30T00:00:00.0000000' AS DateTime2), 19)
GO
INSERT [dbo].[Players] ([Id], [Name], [DateOfBirth], [PlaceOfBirth], [Age], [CountryId], [MarketValue], [Position], [TeamId], [Picture], [Joined], [ConstractExpDate], [Number]) VALUES (107, N'Paul Pogba', CAST(N'1993-03-15T00:00:00.0000000' AS DateTime2), N'Lille', 28, 1018, 6E+07, N'Centralni vezni', 35, N'https://img.a.transfermarkt.technology/portrait/header/122153-1582114937.jpg?lm=1', CAST(N'2016-08-09T00:00:00.0000000' AS DateTime2), CAST(N'2022-06-30T00:00:00.0000000' AS DateTime2), 6)
GO
INSERT [dbo].[Players] ([Id], [Name], [DateOfBirth], [PlaceOfBirth], [Age], [CountryId], [MarketValue], [Position], [TeamId], [Picture], [Joined], [ConstractExpDate], [Number]) VALUES (108, N'Harry Kane', CAST(N'1993-07-29T00:00:00.0000000' AS DateTime2), N'London', 28, 1017, 1.2E+08, N'Centralni vezni', 37, N'https://img.a.transfermarkt.technology/portrait/header/132098-1623778520.jpg?lm=1', CAST(N'2011-01-01T00:00:00.0000000' AS DateTime2), CAST(N'2024-06-30T00:00:00.0000000' AS DateTime2), 10)
GO
INSERT [dbo].[Players] ([Id], [Name], [DateOfBirth], [PlaceOfBirth], [Age], [CountryId], [MarketValue], [Position], [TeamId], [Picture], [Joined], [ConstractExpDate], [Number]) VALUES (109, N'Heung min Son', CAST(N'1992-07-08T00:00:00.0000000' AS DateTime2), N'Chuncheon', 28, 1017, 8.5E+07, N'Lijevo krilo', 37, N'https://img.a.transfermarkt.technology/portrait/header/91845-1599987413.jpg?lm=1', CAST(N'2015-08-28T00:00:00.0000000' AS DateTime2), CAST(N'2025-06-30T00:00:00.0000000' AS DateTime2), 7)
GO
INSERT [dbo].[Players] ([Id], [Name], [DateOfBirth], [PlaceOfBirth], [Age], [CountryId], [MarketValue], [Position], [TeamId], [Picture], [Joined], [ConstractExpDate], [Number]) VALUES (110, N'Tanguy Ndombele', CAST(N'1996-12-28T00:00:00.0000000' AS DateTime2), N'Longjumeau', 24, 1018, 5E+07, N'Centralni vezni', 37, N'https://img.a.transfermarkt.technology/portrait/header/450936-1561540648.jpg?lm=1', CAST(N'2019-07-02T00:00:00.0000000' AS DateTime2), CAST(N'2025-06-30T00:00:00.0000000' AS DateTime2), 28)
GO
INSERT [dbo].[Players] ([Id], [Name], [DateOfBirth], [PlaceOfBirth], [Age], [CountryId], [MarketValue], [Position], [TeamId], [Picture], [Joined], [ConstractExpDate], [Number]) VALUES (111, N'Pierre Emile Hojbjerg', CAST(N'1995-08-05T00:00:00.0000000' AS DateTime2), N'Kopenhagen', 27, 1017, 4E+07, N'Centralni vezni', 37, N'https://img.a.transfermarkt.technology/portrait/header/167799-1629882773.jpg?lm=1', CAST(N'2020-08-11T00:00:00.0000000' AS DateTime2), CAST(N'2025-06-30T00:00:00.0000000' AS DateTime2), 5)
GO
SET IDENTITY_INSERT [dbo].[Players] OFF
GO
INSERT [dbo].[__EFMigrationsHistory] ([MigrationId], [ProductVersion]) VALUES (N'20210818083752_init', N'3.1.0')
GO
INSERT [dbo].[__EFMigrationsHistory] ([MigrationId], [ProductVersion]) VALUES (N'20210818101604_teamdetails', N'3.1.0')
GO
INSERT [dbo].[__EFMigrationsHistory] ([MigrationId], [ProductVersion]) VALUES (N'20210819102931_teamnewattributes', N'3.1.0')
GO
INSERT [dbo].[__EFMigrationsHistory] ([MigrationId], [ProductVersion]) VALUES (N'20210826072838_slike', N'3.1.0')
GO
INSERT [dbo].[__EFMigrationsHistory] ([MigrationId], [ProductVersion]) VALUES (N'20210907111850_players', N'3.1.0')
GO
